ISO-10303-21;
HEADER;
FILE_DESCRIPTION (( 'STEP AP214' ),
    '1' );
FILE_NAME ('041506.3DRSP.STEP',
    '2025-05-21T11:41:32',
    ( '' ),
    ( '' ),
    'SwSTEP 2.0',
    'SolidWorks 2024',
    '' );
FILE_SCHEMA (( 'AUTOMOTIVE_DESIGN' ));
ENDSEC;

DATA;
#1 = DIRECTION ( 'NONE',  ( 0.000000000000000000, 0.000000000000000000, -1.000000000000000000 ) ) ;
#2 = DIRECTION ( 'NONE',  ( 0.000000000000000000, 0.000000000000000000, 1.000000000000000000 ) ) ;
#3 = CIRCLE ( 'NONE', #1064, 0.2999999999999999334 ) ;
#4 = EDGE_CURVE ( 'NONE', #1447, #1319, #1339, .T. ) ;
#5 = MECHANICAL_DESIGN_GEOMETRIC_PRESENTATION_REPRESENTATION (  '', ( #1288 ), #1461 ) ;
#6 =( NAMED_UNIT ( * ) PLANE_ANGLE_UNIT ( ) SI_UNIT ( $, .RADIAN. ) );
#7 = VERTEX_POINT ( 'NONE', #1476 ) ;
#8 = VECTOR ( 'NONE', #1520, 1000.000000000000000 ) ;
#9 = ORIENTED_EDGE ( 'NONE', *, *, #574, .F. ) ;
#10 = CARTESIAN_POINT ( 'NONE',  ( 7.200000000000000178, 2.200000000000000178, 2.200000000000000178 ) ) ;
#11 = MECHANICAL_DESIGN_GEOMETRIC_PRESENTATION_REPRESENTATION (  '', ( #830 ), #733 ) ;
#12 = FILL_AREA_STYLE ('',( #1315 ) ) ;
#13 = SURFACE_SIDE_STYLE ('',( #1188 ) ) ;
#14 = PRESENTATION_LAYER_ASSIGNMENT (  '', '', ( #258 ) ) ;
#15 = PRESENTATION_STYLE_ASSIGNMENT (( #1317 ) ) ;
#16 = EDGE_CURVE ( 'NONE', #683, #1319, #470, .T. ) ;
#17 =( NAMED_UNIT ( * ) SI_UNIT ( $, .STERADIAN. ) SOLID_ANGLE_UNIT ( ) );
#18 = ORIENTED_EDGE ( 'NONE', *, *, #905, .T. ) ;
#19 = ORIENTED_EDGE ( 'NONE', *, *, #538, .T. ) ;
#20 = EDGE_CURVE ( 'NONE', #1580, #291, #1194, .T. ) ;
#21 = DIRECTION ( 'NONE',  ( 0.000000000000000000, 0.000000000000000000, -1.000000000000000000 ) ) ;
#22 = DIRECTION ( 'NONE',  ( 1.000000000000000000, 0.000000000000000000, 0.000000000000000000 ) ) ;
#23 =( NAMED_UNIT ( * ) PLANE_ANGLE_UNIT ( ) SI_UNIT ( $, .RADIAN. ) );
#24 = CARTESIAN_POINT ( 'NONE',  ( -7.200000000000000178, 2.500000000000000000, -2.200000000000000178 ) ) ;
#25 = AXIS2_PLACEMENT_3D ( 'NONE', #1335, #474, #626 ) ;
#26 = VERTEX_POINT ( 'NONE', #486 ) ;
#27 = ORIENTED_EDGE ( 'NONE', *, *, #730, .F. ) ;
#28 = CARTESIAN_POINT ( 'NONE',  ( -7.500000000000000000, -2.200000000000000178, -2.200000000000000178 ) ) ;
#29 = ADVANCED_FACE ( 'NONE', ( #1486 ), #1625, .F. ) ;
#30 = AXIS2_PLACEMENT_3D ( 'NONE', #263, #1869, #838 ) ;
#31 = MECHANICAL_DESIGN_GEOMETRIC_PRESENTATION_REPRESENTATION (  '', ( #936 ), #601 ) ;
#32 = FILL_AREA_STYLE ('',( #582 ) ) ;
#33 =( LENGTH_UNIT ( ) NAMED_UNIT ( * ) SI_UNIT ( .MILLI., .METRE. ) );
#34 =( NAMED_UNIT ( * ) SI_UNIT ( $, .STERADIAN. ) SOLID_ANGLE_UNIT ( ) );
#35 = SURFACE_STYLE_FILL_AREA ( #737 ) ;
#36 = VECTOR ( 'NONE', #497, 1000.000000000000000 ) ;
#37 = AXIS2_PLACEMENT_3D ( 'NONE', #482, #885, #1357 ) ;
#38 = ORIENTED_EDGE ( 'NONE', *, *, #286, .F. ) ;
#39 = SURFACE_STYLE_USAGE ( .BOTH. , #621 ) ;
#40 = DIRECTION ( 'NONE',  ( 0.000000000000000000, 0.000000000000000000, 1.000000000000000000 ) ) ;
#41 = PRESENTATION_STYLE_ASSIGNMENT (( #58 ) ) ;
#42 = VECTOR ( 'NONE', #974, 1000.000000000000000 ) ;
#43 = EDGE_CURVE ( 'NONE', #327, #362, #1771, .T. ) ;
#44 = SURFACE_STYLE_USAGE ( .BOTH. , #1343 ) ;
#45 = FACE_OUTER_BOUND ( 'NONE', #287, .T. ) ;
#46 =( GEOMETRIC_REPRESENTATION_CONTEXT ( 3 ) GLOBAL_UNCERTAINTY_ASSIGNED_CONTEXT ( ( #438 ) ) GLOBAL_UNIT_ASSIGNED_CONTEXT ( ( #456, #156, #17 ) ) REPRESENTATION_CONTEXT ( 'NONE', 'WORKASPACE' ) );
#47 =( NAMED_UNIT ( * ) PLANE_ANGLE_UNIT ( ) SI_UNIT ( $, .RADIAN. ) );
#48 = FILL_AREA_STYLE ('',( #1672 ) ) ;
#49 = EDGE_LOOP ( 'NONE', ( #1310, #1242, #437, #224 ) ) ;
#50 = SURFACE_SIDE_STYLE ('',( #1776 ) ) ;
#51 = DIRECTION ( 'NONE',  ( -1.000000000000000000, 0.000000000000000000, 0.000000000000000000 ) ) ;
#52 =( LENGTH_UNIT ( ) NAMED_UNIT ( * ) SI_UNIT ( .MILLI., .METRE. ) );
#53 = CYLINDRICAL_SURFACE ( 'NONE', #1000, 0.2999999999999999334 ) ;
#54 =( LENGTH_UNIT ( ) NAMED_UNIT ( * ) SI_UNIT ( .MILLI., .METRE. ) );
#55 = ADVANCED_FACE ( 'NONE', ( #1128 ), #1710, .T. ) ;
#56 = FILL_AREA_STYLE_COLOUR ( '', #337 ) ;
#57 = VERTEX_POINT ( 'NONE', #1416 ) ;
#58 = SURFACE_STYLE_USAGE ( .BOTH. , #764 ) ;
#59 = VECTOR ( 'NONE', #500, 1000.000000000000000 ) ;
#60 = DIRECTION ( 'NONE',  ( -1.000000000000000000, 0.000000000000000000, 0.000000000000000000 ) ) ;
#61 = SURFACE_STYLE_USAGE ( .BOTH. , #1215 ) ;
#62 = CIRCLE ( 'NONE', #1119, 0.2999999999999999334 ) ;
#63 = CARTESIAN_POINT ( 'NONE',  ( 7.500000000000000000, 2.200000000000000178, 2.500000000000000000 ) ) ;
#64 = PRESENTATION_LAYER_ASSIGNMENT (  '', '', ( #874 ) ) ;
#65 = ADVANCED_FACE ( 'NONE', ( #104 ), #1539, .T. ) ;
#66 = ORIENTED_EDGE ( 'NONE', *, *, #766, .F. ) ;
#67 = COLOUR_RGB ( '',0.8980392156862745390, 0.8980392156862745390, 0.8980392156862745390 ) ;
#68 = COLOUR_RGB ( '',0.8980392156862745390, 0.8980392156862745390, 0.8980392156862745390 ) ;
#69 = AXIS2_PLACEMENT_3D ( 'NONE', #963, #691, #1711 ) ;
#70 = ORIENTED_EDGE ( 'NONE', *, *, #345, .T. ) ;
#71 = AXIS2_PLACEMENT_3D ( 'NONE', #365, #213, #797 ) ;
#72 = CARTESIAN_POINT ( 'NONE',  ( -7.200000000000000178, -2.200000000000000178, 2.200000000000000178 ) ) ;
#73 = AXIS2_PLACEMENT_3D ( 'NONE', #1240, #1534, #1837 ) ;
#74 = CARTESIAN_POINT ( 'NONE',  ( 7.500000000000000000, 2.200000000000000178, -2.200000000000000178 ) ) ;
#75 = EDGE_LOOP ( 'NONE', ( #954, #1099, #1561, #1033 ) ) ;
#76 = DIRECTION ( 'NONE',  ( -0.000000000000000000, 1.000000000000000000, -0.000000000000000000 ) ) ;
#77 = SURFACE_STYLE_USAGE ( .BOTH. , #253 ) ;
#78 = ORIENTED_EDGE ( 'NONE', *, *, #483, .F. ) ;
#79 = SURFACE_SIDE_STYLE ('',( #801 ) ) ;
#80 = SURFACE_SIDE_STYLE ('',( #1390 ) ) ;
#81 = FILL_AREA_STYLE_COLOUR ( '', #516 ) ;
#82 =( GEOMETRIC_REPRESENTATION_CONTEXT ( 3 ) GLOBAL_UNCERTAINTY_ASSIGNED_CONTEXT ( ( #1557 ) ) GLOBAL_UNIT_ASSIGNED_CONTEXT ( ( #1384, #1529, #507 ) ) REPRESENTATION_CONTEXT ( 'NONE', 'WORKASPACE' ) );
#83 = ADVANCED_FACE ( 'NONE', ( #1243 ), #388, .F. ) ;
#84 = AXIS2_PLACEMENT_3D ( 'NONE', #756, #1345, #1322 ) ;
#85 = DIRECTION ( 'NONE',  ( 1.000000000000000000, 0.000000000000000000, 0.000000000000000000 ) ) ;
#86 = AXIS2_PLACEMENT_3D ( 'NONE', #1657, #1665, #489 ) ;
#87 = DIRECTION ( 'NONE',  ( 0.000000000000000000, 0.000000000000000000, -1.000000000000000000 ) ) ;
#88 = CIRCLE ( 'NONE', #398, 0.09999999999999982514 ) ;
#89 = VERTEX_POINT ( 'NONE', #351 ) ;
#90 =( LENGTH_UNIT ( ) NAMED_UNIT ( * ) SI_UNIT ( .MILLI., .METRE. ) );
#91 = VECTOR ( 'NONE', #1241, 1000.000000000000000 ) ;
#92 = ORIENTED_EDGE ( 'NONE', *, *, #1477, .T. ) ;
#93 = DIRECTION ( 'NONE',  ( 0.000000000000000000, 0.000000000000000000, 1.000000000000000000 ) ) ;
#94 = STYLED_ITEM ( 'NONE', ( #1191 ), #1287 ) ;
#95 = ORIENTED_EDGE ( 'NONE', *, *, #662, .F. ) ;
#96 = DIRECTION ( 'NONE',  ( -0.000000000000000000, 0.000000000000000000, 1.000000000000000000 ) ) ;
#97 = CARTESIAN_POINT ( 'NONE',  ( -7.200000000000000178, -2.500000000000000000, 2.200000000000000178 ) ) ;
#98 = SURFACE_STYLE_FILL_AREA ( #1684 ) ;
#99 =( GEOMETRIC_REPRESENTATION_CONTEXT ( 3 ) GLOBAL_UNCERTAINTY_ASSIGNED_CONTEXT ( ( #1538 ) ) GLOBAL_UNIT_ASSIGNED_CONTEXT ( ( #1248, #1158, #1331 ) ) REPRESENTATION_CONTEXT ( 'NONE', 'WORKASPACE' ) );
#100 = AXIS2_PLACEMENT_3D ( 'NONE', #169, #753, #478 ) ;
#101 = FILL_AREA_STYLE_COLOUR ( '', #1010 ) ;
#102 = CARTESIAN_POINT ( 'NONE',  ( 4.700000000000000178, 2.200000000000000178, -2.299999999999999822 ) ) ;
#103 = MECHANICAL_DESIGN_GEOMETRIC_PRESENTATION_REPRESENTATION (  '', ( #258 ), #1412 ) ;
#104 = FACE_OUTER_BOUND ( 'NONE', #1106, .T. ) ;
#105 = CARTESIAN_POINT ( 'NONE',  ( 7.500000000000000000, 2.200000000000000178, -2.200000000000000178 ) ) ;
#106 = LINE ( 'NONE', #995, #1581 ) ;
#107 = ADVANCED_FACE ( 'NONE', ( #967 ), #1255, .T. ) ;
#108 = DIRECTION ( 'NONE',  ( 0.000000000000000000, 0.000000000000000000, 1.000000000000000000 ) ) ;
#109 = CARTESIAN_POINT ( 'NONE',  ( 7.200000000000000178, -2.200000000000000178, 2.200000000000000178 ) ) ;
#110 = EDGE_LOOP ( 'NONE', ( #1245, #661, #439, #588 ) ) ;
#111 =( NAMED_UNIT ( * ) PLANE_ANGLE_UNIT ( ) SI_UNIT ( $, .RADIAN. ) );
#112 = AXIS2_PLACEMENT_3D ( 'NONE', #74, #649, #818 ) ;
#113 =( NAMED_UNIT ( * ) PLANE_ANGLE_UNIT ( ) SI_UNIT ( $, .RADIAN. ) );
#114 = CARTESIAN_POINT ( 'NONE',  ( -4.700000000000000178, 2.200000000000000178, -2.500000000000000000 ) ) ;
#115 = CIRCLE ( 'NONE', #424, 0.09999999999999982514 ) ;
#116 = LINE ( 'NONE', #1293, #1177 ) ;
#117 =( GEOMETRIC_REPRESENTATION_CONTEXT ( 3 ) GLOBAL_UNCERTAINTY_ASSIGNED_CONTEXT ( ( #240 ) ) GLOBAL_UNIT_ASSIGNED_CONTEXT ( ( #1631, #47, #1178 ) ) REPRESENTATION_CONTEXT ( 'NONE', 'WORKASPACE' ) );
#118 = EDGE_CURVE ( 'NONE', #1849, #550, #1086, .T. ) ;
#119 = CARTESIAN_POINT ( 'NONE',  ( 7.500000000000000000, -2.500000000000000000, 2.500000000000000000 ) ) ;
#120 = CARTESIAN_POINT ( 'NONE',  ( -7.200000000000000178, -2.500000000000000000, 2.200000000000000178 ) ) ;
#121 = EDGE_LOOP ( 'NONE', ( #194, #484, #1145 ) ) ;
#122 = FILL_AREA_STYLE ('',( #81 ) ) ;
#123 = CARTESIAN_POINT ( 'NONE',  ( 7.200000000000000178, 2.200000000000000178, -2.500000000000000000 ) ) ;
#124 = CARTESIAN_POINT ( 'NONE',  ( 4.700000000000000178, 2.500000000000000000, 2.200000000000000178 ) ) ;
#125 = FACE_OUTER_BOUND ( 'NONE', #165, .T. ) ;
#126 = MECHANICAL_DESIGN_GEOMETRIC_PRESENTATION_REPRESENTATION (  '', ( #307 ), #1006 ) ;
#127 = FILL_AREA_STYLE ('',( #1284 ) ) ;
#128 = VECTOR ( 'NONE', #844, 1000.000000000000000 ) ;
#129 = SURFACE_STYLE_USAGE ( .BOTH. , #1442 ) ;
#130 = MECHANICAL_DESIGN_GEOMETRIC_PRESENTATION_REPRESENTATION (  '', ( #1316 ), #1042 ) ;
#131 = ORIENTED_EDGE ( 'NONE', *, *, #20, .T. ) ;
#132 = ADVANCED_FACE ( 'NONE', ( #1408 ), #1142, .T. ) ;
#133 = ORIENTED_EDGE ( 'NONE', *, *, #928, .F. ) ;
#134 = VECTOR ( 'NONE', #1863, 1000.000000000000000 ) ;
#135 =( NAMED_UNIT ( * ) SI_UNIT ( $, .STERADIAN. ) SOLID_ANGLE_UNIT ( ) );
#136 = DIRECTION ( 'NONE',  ( -1.000000000000000000, 0.000000000000000000, 0.000000000000000000 ) ) ;
#137 = EDGE_CURVE ( 'NONE', #762, #1094, #1547, .T. ) ;
#138 = DIRECTION ( 'NONE',  ( -0.000000000000000000, 1.000000000000000000, -0.000000000000000000 ) ) ;
#139 =( LENGTH_UNIT ( ) NAMED_UNIT ( * ) SI_UNIT ( .MILLI., .METRE. ) );
#140 = VECTOR ( 'NONE', #1292, 1000.000000000000000 ) ;
#141 = STYLED_ITEM ( 'NONE', ( #1019 ), #1488 ) ;
#142 = VECTOR ( 'NONE', #1841, 1000.000000000000000 ) ;
#143 = ORIENTED_EDGE ( 'NONE', *, *, #839, .T. ) ;
#144 =( GEOMETRIC_REPRESENTATION_CONTEXT ( 3 ) GLOBAL_UNCERTAINTY_ASSIGNED_CONTEXT ( ( #552 ) ) GLOBAL_UNIT_ASSIGNED_CONTEXT ( ( #1174, #1471, #374 ) ) REPRESENTATION_CONTEXT ( 'NONE', 'WORKASPACE' ) );
#145 = DIRECTION ( 'NONE',  ( 1.000000000000000000, -0.000000000000000000, -0.000000000000000000 ) ) ;
#146 = CARTESIAN_POINT ( 'NONE',  ( 4.700000000000000178, 2.200000000000000178, -2.500000000000000000 ) ) ;
#147 = FACE_OUTER_BOUND ( 'NONE', #1865, .T. ) ;
#148 = STYLED_ITEM ( 'NONE', ( #331 ), #1029 ) ;
#149 = CARTESIAN_POINT ( 'NONE',  ( -4.700000000000000178, -2.200000000000000178, 2.299999999999999822 ) ) ;
#150 =( GEOMETRIC_REPRESENTATION_CONTEXT ( 3 ) GLOBAL_UNCERTAINTY_ASSIGNED_CONTEXT ( ( #1579 ) ) GLOBAL_UNIT_ASSIGNED_CONTEXT ( ( #1359, #1499, #630 ) ) REPRESENTATION_CONTEXT ( 'NONE', 'WORKASPACE' ) );
#151 = ORIENTED_EDGE ( 'NONE', *, *, #137, .T. ) ;
#152 = DIRECTION ( 'NONE',  ( 0.000000000000000000, -1.000000000000000000, 0.000000000000000000 ) ) ;
#153 = FILL_AREA_STYLE_COLOUR ( '', #1489 ) ;
#154 = CARTESIAN_POINT ( 'NONE',  ( 7.500000000000000000, 2.500000000000000000, 2.500000000000000000 ) ) ;
#155 =( NAMED_UNIT ( * ) PLANE_ANGLE_UNIT ( ) SI_UNIT ( $, .RADIAN. ) );
#156 =( NAMED_UNIT ( * ) PLANE_ANGLE_UNIT ( ) SI_UNIT ( $, .RADIAN. ) );
#157 = EDGE_CURVE ( 'NONE', #640, #392, #832, .T. ) ;
#158 = ORIENTED_EDGE ( 'NONE', *, *, #1564, .F. ) ;
#159 = FACE_OUTER_BOUND ( 'NONE', #1598, .T. ) ;
#160 = SURFACE_SIDE_STYLE ('',( #1768 ) ) ;
#161 = PLANE ( 'NONE',  #84 ) ;
#162 = CYLINDRICAL_SURFACE ( 'NONE', #595, 0.2999999999999999334 ) ;
#163 = PRESENTATION_LAYER_ASSIGNMENT (  '', '', ( #267 ) ) ;
#164 = FACE_OUTER_BOUND ( 'NONE', #1358, .T. ) ;
#165 = EDGE_LOOP ( 'NONE', ( #805, #969, #799, #231 ) ) ;
#166 = DIRECTION ( 'NONE',  ( -1.000000000000000000, 0.000000000000000000, -0.000000000000000000 ) ) ;
#167 = VECTOR ( 'NONE', #1363, 1000.000000000000000 ) ;
#168 = EDGE_CURVE ( 'NONE', #291, #1740, #1497, .T. ) ;
#169 = CARTESIAN_POINT ( 'NONE',  ( 4.700000000000000178, -2.200000000000000178, 2.200000000000000178 ) ) ;
#170 = APPLICATION_PROTOCOL_DEFINITION ( 'draft international standard', 'automotive_design', 1998, #1659 ) ;
#171 = AXIS2_PLACEMENT_3D ( 'NONE', #1340, #1024, #301 ) ;
#172 = MECHANICAL_DESIGN_GEOMETRIC_PRESENTATION_REPRESENTATION (  '', ( #1366 ), #397 ) ;
#173 = MECHANICAL_DESIGN_GEOMETRIC_PRESENTATION_REPRESENTATION (  '', ( #904 ), #577 ) ;
#174 = CARTESIAN_POINT ( 'NONE',  ( -7.200000000000000178, 2.200000000000000178, 2.200000000000000178 ) ) ;
#175 = SURFACE_SIDE_STYLE ('',( #1757 ) ) ;
#176 = DIRECTION ( 'NONE',  ( 1.000000000000000000, -0.000000000000000000, -0.000000000000000000 ) ) ;
#177 = AXIS2_PLACEMENT_3D ( 'NONE', #782, #773, #1487 ) ;
#178 = COLOUR_RGB ( '',0.8980392156862745390, 0.8980392156862745390, 0.8980392156862745390 ) ;
#179 = UNCERTAINTY_MEASURE_WITH_UNIT (LENGTH_MEASURE( 1.000000000000000082E-05 ), #1753, 'distance_accuracy_value', 'NONE');
#180 =( NAMED_UNIT ( * ) PLANE_ANGLE_UNIT ( ) SI_UNIT ( $, .RADIAN. ) );
#181 = ORIENTED_EDGE ( 'NONE', *, *, #1587, .F. ) ;
#182 =( NAMED_UNIT ( * ) PLANE_ANGLE_UNIT ( ) SI_UNIT ( $, .RADIAN. ) );
#183 = FILL_AREA_STYLE_COLOUR ( '', #1495 ) ;
#184 =( NAMED_UNIT ( * ) PLANE_ANGLE_UNIT ( ) SI_UNIT ( $, .RADIAN. ) );
#185 = CARTESIAN_POINT ( 'NONE',  ( -4.700000000000000178, 2.500000000000000000, 2.200000000000000178 ) ) ;
#186 = PRESENTATION_STYLE_ASSIGNMENT (( #1464 ) ) ;
#187 = EDGE_CURVE ( 'NONE', #1097, #1680, #429, .T. ) ;
#188 = COLOUR_RGB ( '',0.8980392156862745390, 0.8980392156862745390, 0.8980392156862745390 ) ;
#189 = AXIS2_PLACEMENT_3D ( 'NONE', #686, #1559, #978 ) ;
#190 = LINE ( 'NONE', #1205, #749 ) ;
#191 = SURFACE_SIDE_STYLE ('',( #627 ) ) ;
#192 = CYLINDRICAL_SURFACE ( 'NONE', #37, 0.2999999999999999334 ) ;
#193 = FILL_AREA_STYLE ('',( #622 ) ) ;
#194 = ORIENTED_EDGE ( 'NONE', *, *, #1198, .T. ) ;
#195 = EDGE_CURVE ( 'NONE', #26, #624, #1275, .T. ) ;
#196 = FILL_AREA_STYLE ('',( #1504 ) ) ;
#197 = ORIENTED_EDGE ( 'NONE', *, *, #1221, .T. ) ;
#198 = STYLED_ITEM ( 'NONE', ( #1453 ), #1537 ) ;
#199 = VECTOR ( 'NONE', #394, 1000.000000000000000 ) ;
#200 = FILL_AREA_STYLE_COLOUR ( '', #1707 ) ;
#201 = ORIENTED_EDGE ( 'NONE', *, *, #1770, .T. ) ;
#202 = VECTOR ( 'NONE', #695, 1000.000000000000000 ) ;
#203 = PRESENTATION_LAYER_ASSIGNMENT (  '', '', ( #1031 ) ) ;
#204 = SURFACE_STYLE_FILL_AREA ( #1264 ) ;
#205 = DIRECTION ( 'NONE',  ( -0.000000000000000000, 0.000000000000000000, 1.000000000000000000 ) ) ;
#206 = EDGE_LOOP ( 'NONE', ( #217, #1015, #349, #1379 ) ) ;
#207 = AXIS2_PLACEMENT_3D ( 'NONE', #1690, #1115, #257 ) ;
#208 = SURFACE_STYLE_FILL_AREA ( #1223 ) ;
#209 = VECTOR ( 'NONE', #744, 1000.000000000000000 ) ;
#210 = DIRECTION ( 'NONE',  ( 1.000000000000000000, 0.000000000000000000, 0.000000000000000000 ) ) ;
#211 = ORIENTED_EDGE ( 'NONE', *, *, #1806, .F. ) ;
#212 = DIRECTION ( 'NONE',  ( 0.000000000000000000, 0.000000000000000000, -1.000000000000000000 ) ) ;
#213 = DIRECTION ( 'NONE',  ( 0.000000000000000000, 1.000000000000000000, 0.000000000000000000 ) ) ;
#214 = SURFACE_STYLE_USAGE ( .BOTH. , #367 ) ;
#215 = COLOUR_RGB ( '',0.8980392156862745390, 0.8980392156862745390, 0.8980392156862745390 ) ;
#216 = PRESENTATION_STYLE_ASSIGNMENT (( #239 ) ) ;
#217 = ORIENTED_EDGE ( 'NONE', *, *, #574, .T. ) ;
#218 = EDGE_CURVE ( 'NONE', #979, #998, #559, .T. ) ;
#219 =( NAMED_UNIT ( * ) SI_UNIT ( $, .STERADIAN. ) SOLID_ANGLE_UNIT ( ) );
#220 = FILL_AREA_STYLE_COLOUR ( '', #67 ) ;
#221 = ORIENTED_EDGE ( 'NONE', *, *, #1130, .F. ) ;
#222 = UNCERTAINTY_MEASURE_WITH_UNIT (LENGTH_MEASURE( 1.000000000000000082E-05 ), #1113, 'distance_accuracy_value', 'NONE');
#223 =( NAMED_UNIT ( * ) SI_UNIT ( $, .STERADIAN. ) SOLID_ANGLE_UNIT ( ) );
#224 = ORIENTED_EDGE ( 'NONE', *, *, #708, .T. ) ;
#225 = DIRECTION ( 'NONE',  ( 0.000000000000000000, 0.000000000000000000, 1.000000000000000000 ) ) ;
#226 = DIRECTION ( 'NONE',  ( 1.000000000000000000, -0.000000000000000000, -0.000000000000000000 ) ) ;
#227 =( LENGTH_UNIT ( ) NAMED_UNIT ( * ) SI_UNIT ( .MILLI., .METRE. ) );
#228 = ORIENTED_EDGE ( 'NONE', *, *, #1274, .T. ) ;
#229 = PRESENTATION_STYLE_ASSIGNMENT (( #524 ) ) ;
#230 =( NAMED_UNIT ( * ) PLANE_ANGLE_UNIT ( ) SI_UNIT ( $, .RADIAN. ) );
#231 = ORIENTED_EDGE ( 'NONE', *, *, #884, .F. ) ;
#232 = ADVANCED_FACE ( 'NONE', ( #1004 ), #1424, .F. ) ;
#233 = FILL_AREA_STYLE_COLOUR ( '', #346 ) ;
#234 =( NAMED_UNIT ( * ) PLANE_ANGLE_UNIT ( ) SI_UNIT ( $, .RADIAN. ) );
#235 = EDGE_LOOP ( 'NONE', ( #1303, #822, #1210 ) ) ;
#236 = FACE_OUTER_BOUND ( 'NONE', #323, .T. ) ;
#237 = SURFACE_STYLE_USAGE ( .BOTH. , #1658 ) ;
#238 = CIRCLE ( 'NONE', #1002, 0.2999999999999999334 ) ;
#239 = SURFACE_STYLE_USAGE ( .BOTH. , #1555 ) ;
#240 = UNCERTAINTY_MEASURE_WITH_UNIT (LENGTH_MEASURE( 1.000000000000000082E-05 ), #1631, 'distance_accuracy_value', 'NONE');
#241 = LINE ( 'NONE', #1397, #462 ) ;
#242 = STYLED_ITEM ( 'NONE', ( #834 ), #1209 ) ;
#243 = ORIENTED_EDGE ( 'NONE', *, *, #699, .F. ) ;
#244 = UNCERTAINTY_MEASURE_WITH_UNIT (LENGTH_MEASURE( 1.000000000000000082E-05 ), #1077, 'distance_accuracy_value', 'NONE');
#245 = DIRECTION ( 'NONE',  ( 0.000000000000000000, 1.000000000000000000, 0.000000000000000000 ) ) ;
#246 = PRESENTATION_LAYER_ASSIGNMENT (  '', '', ( #94 ) ) ;
#247 = SURFACE_STYLE_FILL_AREA ( #1270 ) ;
#248 = ORIENTED_EDGE ( 'NONE', *, *, #517, .T. ) ;
#249 = AXIS2_PLACEMENT_3D ( 'NONE', #1635, #87, #166 ) ;
#250 = ADVANCED_FACE ( 'NONE', ( #1434, #840 ), #696, .T. ) ;
#251 = CARTESIAN_POINT ( 'NONE',  ( 7.200000000000000178, -2.200000000000000178, 2.200000000000000178 ) ) ;
#252 = DIRECTION ( 'NONE',  ( -1.000000000000000000, 0.000000000000000000, 0.000000000000000000 ) ) ;
#253 = SURFACE_SIDE_STYLE ('',( #204 ) ) ;
#254 = COLOUR_RGB ( '',0.8980392156862745390, 0.8980392156862745390, 0.8980392156862745390 ) ;
#255 = PRESENTATION_LAYER_ASSIGNMENT (  '', '', ( #830 ) ) ;
#256 =( NAMED_UNIT ( * ) SI_UNIT ( $, .STERADIAN. ) SOLID_ANGLE_UNIT ( ) );
#257 = DIRECTION ( 'NONE',  ( 0.000000000000000000, 0.000000000000000000, 1.000000000000000000 ) ) ;
#258 = STYLED_ITEM ( 'NONE', ( #1738 ), #232 ) ;
#259 = SURFACE_STYLE_FILL_AREA ( #540 ) ;
#260 = SURFACE_STYLE_USAGE ( .BOTH. , #279 ) ;
#261 = DIRECTION ( 'NONE',  ( 0.000000000000000000, 0.000000000000000000, -1.000000000000000000 ) ) ;
#262 = ADVANCED_FACE ( 'NONE', ( #1180 ), #845, .F. ) ;
#263 = CARTESIAN_POINT ( 'NONE',  ( 7.200000000000000178, 2.200000000000000178, -2.200000000000000178 ) ) ;
#264 =( LENGTH_UNIT ( ) NAMED_UNIT ( * ) SI_UNIT ( .MILLI., .METRE. ) );
#265 = EDGE_LOOP ( 'NONE', ( #1829, #945, #1296 ) ) ;
#266 = DIRECTION ( 'NONE',  ( 1.000000000000000000, 0.000000000000000000, 0.000000000000000000 ) ) ;
#267 = STYLED_ITEM ( 'NONE', ( #546 ), #1388 ) ;
#268 = CARTESIAN_POINT ( 'NONE',  ( 4.700000000000000178, 2.500000000000000000, -2.200000000000000178 ) ) ;
#269 =( NAMED_UNIT ( * ) PLANE_ANGLE_UNIT ( ) SI_UNIT ( $, .RADIAN. ) );
#270 = VECTOR ( 'NONE', #138, 1000.000000000000000 ) ;
#271 = DIRECTION ( 'NONE',  ( 0.000000000000000000, 1.000000000000000000, -0.000000000000000000 ) ) ;
#272 =( GEOMETRIC_REPRESENTATION_CONTEXT ( 3 ) GLOBAL_UNCERTAINTY_ASSIGNED_CONTEXT ( ( #752 ) ) GLOBAL_UNIT_ASSIGNED_CONTEXT ( ( #1803, #1531, #943 ) ) REPRESENTATION_CONTEXT ( 'NONE', 'WORKASPACE' ) );
#273 = VECTOR ( 'NONE', #1807, 1000.000000000000000 ) ;
#274 = FILL_AREA_STYLE ('',( #705 ) ) ;
#275 = VERTEX_POINT ( 'NONE', #124 ) ;
#276 = ORIENTED_EDGE ( 'NONE', *, *, #1600, .T. ) ;
#277 =( GEOMETRIC_REPRESENTATION_CONTEXT ( 3 ) GLOBAL_UNCERTAINTY_ASSIGNED_CONTEXT ( ( #1022 ) ) GLOBAL_UNIT_ASSIGNED_CONTEXT ( ( #52, #1626, #1508 ) ) REPRESENTATION_CONTEXT ( 'NONE', 'WORKASPACE' ) );
#278 = SURFACE_STYLE_FILL_AREA ( #723 ) ;
#279 = SURFACE_SIDE_STYLE ('',( #1430 ) ) ;
#280 =( NAMED_UNIT ( * ) SI_UNIT ( $, .STERADIAN. ) SOLID_ANGLE_UNIT ( ) );
#281 = LINE ( 'NONE', #719, #515 ) ;
#282 = COLOUR_RGB ( '',0.8980392156862745390, 0.8980392156862745390, 0.8980392156862745390 ) ;
#283 = DIRECTION ( 'NONE',  ( -1.000000000000000000, 0.000000000000000000, 0.000000000000000000 ) ) ;
#284 = PRESENTATION_LAYER_ASSIGNMENT (  '', '', ( #952 ) ) ;
#285 = ORIENTED_EDGE ( 'NONE', *, *, #699, .T. ) ;
#286 = EDGE_CURVE ( 'NONE', #1752, #1094, #864, .T. ) ;
#287 = EDGE_LOOP ( 'NONE', ( #1816, #722, #687 ) ) ;
#288 = FILL_AREA_STYLE_COLOUR ( '', #299 ) ;
#289 = PLANE ( 'NONE',  #814 ) ;
#290 = DIRECTION ( 'NONE',  ( 0.000000000000000000, 0.000000000000000000, -1.000000000000000000 ) ) ;
#291 = VERTEX_POINT ( 'NONE', #1321 ) ;
#292 = ORIENTED_EDGE ( 'NONE', *, *, #1274, .F. ) ;
#293 = SPHERICAL_SURFACE ( 'NONE', #873, 0.2999999999999999889 ) ;
#294 = EDGE_CURVE ( 'NONE', #1740, #1238, #589, .T. ) ;
#295 = CARTESIAN_POINT ( 'NONE',  ( 4.700000000000000178, -2.200000000000000178, 2.299999999999999822 ) ) ;
#296 =( NAMED_UNIT ( * ) PLANE_ANGLE_UNIT ( ) SI_UNIT ( $, .RADIAN. ) );
#297 = AXIS2_PLACEMENT_3D ( 'NONE', #530, #1818, #1233 ) ;
#298 = VECTOR ( 'NONE', #1446, 1000.000000000000000 ) ;
#299 = COLOUR_RGB ( '',0.8980392156862745390, 0.8980392156862745390, 0.8980392156862745390 ) ;
#300 = VERTEX_POINT ( 'NONE', #879 ) ;
#301 = DIRECTION ( 'NONE',  ( 0.000000000000000000, 0.000000000000000000, 1.000000000000000000 ) ) ;
#302 = MECHANICAL_DESIGN_GEOMETRIC_PRESENTATION_REPRESENTATION (  '', ( #874 ), #428 ) ;
#303 = SURFACE_SIDE_STYLE ('',( #1609 ) ) ;
#304 = SURFACE_STYLE_USAGE ( .BOTH. , #472 ) ;
#305 = AXIS2_PLACEMENT_3D ( 'NONE', #120, #512, #841 ) ;
#306 = ADVANCED_FACE ( 'NONE', ( #452 ), #1491, .T. ) ;
#307 = STYLED_ITEM ( 'NONE', ( #1332 ), #306 ) ;
#308 = SURFACE_SIDE_STYLE ('',( #463 ) ) ;
#309 = AXIS2_PLACEMENT_3D ( 'NONE', #1584, #1700, #417 ) ;
#310 = FACE_OUTER_BOUND ( 'NONE', #1229, .T. ) ;
#311 = VERTEX_POINT ( 'NONE', #890 ) ;
#312 = ORIENTED_EDGE ( 'NONE', *, *, #1071, .T. ) ;
#313 = DIRECTION ( 'NONE',  ( 0.000000000000000000, -0.000000000000000000, 1.000000000000000000 ) ) ;
#314 = DIRECTION ( 'NONE',  ( -0.000000000000000000, 1.000000000000000000, -0.000000000000000000 ) ) ;
#315 = DIRECTION ( 'NONE',  ( 0.000000000000000000, 0.000000000000000000, -1.000000000000000000 ) ) ;
#316 =( NAMED_UNIT ( * ) SI_UNIT ( $, .STERADIAN. ) SOLID_ANGLE_UNIT ( ) );
#317 = ADVANCED_FACE ( 'NONE', ( #1482 ), #1692, .T. ) ;
#318 = UNCERTAINTY_MEASURE_WITH_UNIT (LENGTH_MEASURE( 1.000000000000000082E-05 ), #745, 'distance_accuracy_value', 'NONE');
#319 = FILL_AREA_STYLE ('',( #1040 ) ) ;
#320 = EDGE_LOOP ( 'NONE', ( #158, #1391, #1750, #446 ) ) ;
#321 = UNCERTAINTY_MEASURE_WITH_UNIT (LENGTH_MEASURE( 1.000000000000000082E-05 ), #455, 'distance_accuracy_value', 'NONE');
#322 = FACE_OUTER_BOUND ( 'NONE', #75, .T. ) ;
#323 = EDGE_LOOP ( 'NONE', ( #1514, #1066, #228, #1871 ) ) ;
#324 = FACE_OUTER_BOUND ( 'NONE', #1075, .T. ) ;
#325 = STYLED_ITEM ( 'NONE', ( #1724 ), #1718 ) ;
#326 = CARTESIAN_POINT ( 'NONE',  ( 7.200000000000000178, -2.200000000000000178, 0.000000000000000000 ) ) ;
#327 = VERTEX_POINT ( 'NONE', #1671 ) ;
#328 = FILL_AREA_STYLE_COLOUR ( '', #1492 ) ;
#329 = EDGE_LOOP ( 'NONE', ( #341, #1484, #1090, #1468, #9, #1182, #1168, #1688 ) ) ;
#330 = EDGE_CURVE ( 'NONE', #1225, #1708, #976, .T. ) ;
#331 = PRESENTATION_STYLE_ASSIGNMENT (( #934 ) ) ;
#332 = VECTOR ( 'NONE', #76, 1000.000000000000000 ) ;
#333 = AXIS2_PLACEMENT_3D ( 'NONE', #717, #709, #1307 ) ;
#334 =( NAMED_UNIT ( * ) SI_UNIT ( $, .STERADIAN. ) SOLID_ANGLE_UNIT ( ) );
#335 = FILL_AREA_STYLE_COLOUR ( '', #931 ) ;
#336 = VECTOR ( 'NONE', #1087, 1000.000000000000000 ) ;
#337 = COLOUR_RGB ( '',0.8980392156862745390, 0.8980392156862745390, 0.8980392156862745390 ) ;
#338 = FACE_OUTER_BOUND ( 'NONE', #958, .T. ) ;
#339 = CARTESIAN_POINT ( 'NONE',  ( -7.200000000000000178, 2.200000000000000178, -2.500000000000000000 ) ) ;
#340 = STYLED_ITEM ( 'NONE', ( #186 ), #317 ) ;
#341 = ORIENTED_EDGE ( 'NONE', *, *, #460, .F. ) ;
#342 = SURFACE_STYLE_USAGE ( .BOTH. , #50 ) ;
#343 = AXIS2_PLACEMENT_3D ( 'NONE', #384, #1553, #828 ) ;
#344 = COLOUR_RGB ( '',0.6666666666666666297, 0.6980392156862744724, 0.7686274509803920907 ) ;
#345 = EDGE_CURVE ( 'NONE', #1238, #950, #1530, .T. ) ;
#346 = COLOUR_RGB ( '',0.8980392156862745390, 0.8980392156862745390, 0.8980392156862745390 ) ;
#347 = PRESENTATION_LAYER_ASSIGNMENT (  '', '', ( #1100 ) ) ;
#348 = CARTESIAN_POINT ( 'NONE',  ( -4.700000000000000178, -2.200000000000000178, -2.200000000000000178 ) ) ;
#349 = ORIENTED_EDGE ( 'NONE', *, *, #1105, .T. ) ;
#350 = FACE_OUTER_BOUND ( 'NONE', #1324, .T. ) ;
#351 = CARTESIAN_POINT ( 'NONE',  ( 7.200000000000000178, 2.200000000000000178, 2.500000000000000000 ) ) ;
#352 =( NAMED_UNIT ( * ) PLANE_ANGLE_UNIT ( ) SI_UNIT ( $, .RADIAN. ) );
#353 = EDGE_CURVE ( 'NONE', #998, #503, #883, .T. ) ;
#354 = FILL_AREA_STYLE ('',( #200 ) ) ;
#355 = DIRECTION ( 'NONE',  ( 0.000000000000000000, 0.000000000000000000, 1.000000000000000000 ) ) ;
#356 =( LENGTH_UNIT ( ) NAMED_UNIT ( * ) SI_UNIT ( .MILLI., .METRE. ) );
#357 = ORIENTED_EDGE ( 'NONE', *, *, #427, .F. ) ;
#358 = MECHANICAL_DESIGN_GEOMETRIC_PRESENTATION_REPRESENTATION (  '', ( #198 ), #1513 ) ;
#359 = CARTESIAN_POINT ( 'NONE',  ( 7.500000000000000000, -2.500000000000000000, 2.500000000000000000 ) ) ;
#360 = CARTESIAN_POINT ( 'NONE',  ( 7.500000000000000000, -2.200000000000000178, 2.200000000000000178 ) ) ;
#361 = DIRECTION ( 'NONE',  ( 0.000000000000000000, 0.000000000000000000, 1.000000000000000000 ) ) ;
#362 = VERTEX_POINT ( 'NONE', #1103 ) ;
#363 = AXIS2_PLACEMENT_3D ( 'NONE', #888, #21, #861 ) ;
#364 = CARTESIAN_POINT ( 'NONE',  ( 7.500000000000000000, -2.500000000000000000, -2.200000000000000178 ) ) ;
#365 = CARTESIAN_POINT ( 'NONE',  ( -4.700000000000000178, 2.299999999999999822, 2.200000000000000178 ) ) ;
#366 = ADVANCED_FACE ( 'NONE', ( #1385 ), #1544, .T. ) ;
#367 = SURFACE_SIDE_STYLE ('',( #1783 ) ) ;
#368 = COLOUR_RGB ( '',0.8980392156862745390, 0.8980392156862745390, 0.8980392156862745390 ) ;
#369 = VERTEX_POINT ( 'NONE', #1234 ) ;
#370 = CIRCLE ( 'NONE', #1124, 0.2999999999999999334 ) ;
#371 = DIRECTION ( 'NONE',  ( 1.000000000000000000, 0.000000000000000000, 0.000000000000000000 ) ) ;
#372 = ORIENTED_EDGE ( 'NONE', *, *, #1437, .T. ) ;
#373 = AXIS2_PLACEMENT_3D ( 'NONE', #1206, #1810, #769 ) ;
#374 =( NAMED_UNIT ( * ) SI_UNIT ( $, .STERADIAN. ) SOLID_ANGLE_UNIT ( ) );
#375 = ORIENTED_EDGE ( 'NONE', *, *, #1608, .T. ) ;
#376 = CARTESIAN_POINT ( 'NONE',  ( -4.700000000000000178, 2.200000000000000178, 2.500000000000000000 ) ) ;
#377 = DIRECTION ( 'NONE',  ( 0.000000000000000000, 0.000000000000000000, -1.000000000000000000 ) ) ;
#378 = AXIS2_PLACEMENT_3D ( 'NONE', #119, #290, #681 ) ;
#379 = EDGE_CURVE ( 'NONE', #1438, #369, #1462, .T. ) ;
#380 = EDGE_LOOP ( 'NONE', ( #382, #740, #1498, #312 ) ) ;
#381 = DIRECTION ( 'NONE',  ( 0.000000000000000000, 0.000000000000000000, -1.000000000000000000 ) ) ;
#382 = ORIENTED_EDGE ( 'NONE', *, *, #1587, .T. ) ;
#383 =( LENGTH_UNIT ( ) NAMED_UNIT ( * ) SI_UNIT ( .MILLI., .METRE. ) );
#384 = CARTESIAN_POINT ( 'NONE',  ( 7.500000000000000000, 2.500000000000000000, 2.500000000000000000 ) ) ;
#385 = LINE ( 'NONE', #1403, #59 ) ;
#386 =( NAMED_UNIT ( * ) PLANE_ANGLE_UNIT ( ) SI_UNIT ( $, .RADIAN. ) );
#387 = APPLICATION_CONTEXT ( 'automotive_design' ) ;
#388 = PLANE ( 'NONE',  #614 ) ;
#389 = FACE_OUTER_BOUND ( 'NONE', #1181, .T. ) ;
#390 = ORIENTED_EDGE ( 'NONE', *, *, #869, .T. ) ;
#391 = ADVANCED_FACE ( 'NONE', ( #1819 ), #1202, .T. ) ;
#392 = VERTEX_POINT ( 'NONE', #1787 ) ;
#393 = CARTESIAN_POINT ( 'NONE',  ( -7.200000000000000178, 2.500000000000000000, 2.200000000000000178 ) ) ;
#394 = DIRECTION ( 'NONE',  ( -0.000000000000000000, -0.000000000000000000, -1.000000000000000000 ) ) ;
#395 = VECTOR ( 'NONE', #1845, 1000.000000000000000 ) ;
#396 =( LENGTH_UNIT ( ) NAMED_UNIT ( * ) SI_UNIT ( .MILLI., .METRE. ) );
#397 =( GEOMETRIC_REPRESENTATION_CONTEXT ( 3 ) GLOBAL_UNCERTAINTY_ASSIGNED_CONTEXT ( ( #566 ) ) GLOBAL_UNIT_ASSIGNED_CONTEXT ( ( #1852, #416, #223 ) ) REPRESENTATION_CONTEXT ( 'NONE', 'WORKASPACE' ) );
#398 = AXIS2_PLACEMENT_3D ( 'NONE', #1601, #22, #1017 ) ;
#399 = LINE ( 'NONE', #639, #202 ) ;
#400 = SURFACE_SIDE_STYLE ('',( #539 ) ) ;
#401 =( GEOMETRIC_REPRESENTATION_CONTEXT ( 3 ) GLOBAL_UNCERTAINTY_ASSIGNED_CONTEXT ( ( #1500 ) ) GLOBAL_UNIT_ASSIGNED_CONTEXT ( ( #1381, #352, #504 ) ) REPRESENTATION_CONTEXT ( 'NONE', 'WORKASPACE' ) );
#402 = ORIENTED_EDGE ( 'NONE', *, *, #16, .T. ) ;
#403 = UNCERTAINTY_MEASURE_WITH_UNIT (LENGTH_MEASURE( 1.000000000000000082E-05 ), #356, 'distance_accuracy_value', 'NONE');
#404 = SURFACE_SIDE_STYLE ('',( #259 ) ) ;
#405 = CARTESIAN_POINT ( 'NONE',  ( 7.500000000000000000, 2.200000000000000178, 2.200000000000000178 ) ) ;
#406 = ADVANCED_FACE ( 'NONE', ( #1762 ), #1656, .F. ) ;
#407 = CIRCLE ( 'NONE', #464, 0.2999999999999999334 ) ;
#408 = SPHERICAL_SURFACE ( 'NONE', #309, 0.2999999999999999889 ) ;
#409 = FILL_AREA_STYLE ('',( #710 ) ) ;
#410 =( GEOMETRIC_REPRESENTATION_CONTEXT ( 3 ) GLOBAL_UNCERTAINTY_ASSIGNED_CONTEXT ( ( #222 ) ) GLOBAL_UNIT_ASSIGNED_CONTEXT ( ( #1113, #386, #664 ) ) REPRESENTATION_CONTEXT ( 'NONE', 'WORKASPACE' ) );
#411 = DIRECTION ( 'NONE',  ( 1.000000000000000000, -0.000000000000000000, -0.000000000000000000 ) ) ;
#412 = VECTOR ( 'NONE', #51, 1000.000000000000000 ) ;
#413 = CARTESIAN_POINT ( 'NONE',  ( -4.700000000000000178, 2.299999999999999822, 2.200000000000000178 ) ) ;
#414 = ORIENTED_EDGE ( 'NONE', *, *, #1522, .F. ) ;
#415 =( NAMED_UNIT ( * ) PLANE_ANGLE_UNIT ( ) SI_UNIT ( $, .RADIAN. ) );
#416 =( NAMED_UNIT ( * ) PLANE_ANGLE_UNIT ( ) SI_UNIT ( $, .RADIAN. ) );
#417 = DIRECTION ( 'NONE',  ( 1.000000000000000000, 0.000000000000000000, 0.000000000000000000 ) ) ;
#418 =( NAMED_UNIT ( * ) SI_UNIT ( $, .STERADIAN. ) SOLID_ANGLE_UNIT ( ) );
#419 = ADVANCED_FACE ( 'NONE', ( #350 ), #777, .T. ) ;
#420 = CARTESIAN_POINT ( 'NONE',  ( -4.700000000000000178, -2.500000000000000000, 2.200000000000000178 ) ) ;
#421 = UNCERTAINTY_MEASURE_WITH_UNIT (LENGTH_MEASURE( 1.000000000000000082E-05 ), #1851, 'distance_accuracy_value', 'NONE');
#422 = COLOUR_RGB ( '',0.8980392156862745390, 0.8980392156862745390, 0.8980392156862745390 ) ;
#423 = SURFACE_STYLE_FILL_AREA ( #1140 ) ;
#424 = AXIS2_PLACEMENT_3D ( 'NONE', #348, #555, #261 ) ;
#425 = CARTESIAN_POINT ( 'NONE',  ( 7.200000000000000178, 2.500000000000000000, 2.200000000000000178 ) ) ;
#426 = AXIS2_PLACEMENT_3D ( 'NONE', #1734, #1741, #441 ) ;
#427 = EDGE_CURVE ( 'NONE', #1835, #1550, #1356, .T. ) ;
#428 =( GEOMETRIC_REPRESENTATION_CONTEXT ( 3 ) GLOBAL_UNCERTAINTY_ASSIGNED_CONTEXT ( ( #1597 ) ) GLOBAL_UNIT_ASSIGNED_CONTEXT ( ( #1503, #1224, #334 ) ) REPRESENTATION_CONTEXT ( 'NONE', 'WORKASPACE' ) );
#429 = LINE ( 'NONE', #865, #134 ) ;
#430 = ORIENTED_EDGE ( 'NONE', *, *, #1414, .F. ) ;
#431 = ORIENTED_EDGE ( 'NONE', *, *, #790, .F. ) ;
#432 = VECTOR ( 'NONE', #1425, 1000.000000000000000 ) ;
#433 = DIRECTION ( 'NONE',  ( 1.000000000000000000, 0.000000000000000000, -0.000000000000000000 ) ) ;
#434 = VECTOR ( 'NONE', #1413, 1000.000000000000000 ) ;
#435 =( NAMED_UNIT ( * ) PLANE_ANGLE_UNIT ( ) SI_UNIT ( $, .RADIAN. ) );
#436 = PRESENTATION_LAYER_ASSIGNMENT (  '', '', ( #1259 ) ) ;
#437 = ORIENTED_EDGE ( 'NONE', *, *, #994, .F. ) ;
#438 = UNCERTAINTY_MEASURE_WITH_UNIT (LENGTH_MEASURE( 1.000000000000000082E-05 ), #456, 'distance_accuracy_value', 'NONE');
#439 = ORIENTED_EDGE ( 'NONE', *, *, #517, .F. ) ;
#440 = VECTOR ( 'NONE', #859, 1000.000000000000000 ) ;
#441 = DIRECTION ( 'NONE',  ( 0.000000000000000000, 0.000000000000000000, -1.000000000000000000 ) ) ;
#442 = SURFACE_STYLE_FILL_AREA ( #736 ) ;
#443 = PRODUCT ( '041506.3DRSP', '041506.3DRSP', '', ( #1636 ) ) ;
#444 = CARTESIAN_POINT ( 'NONE',  ( -4.700000000000000178, -2.500000000000000000, -2.200000000000000178 ) ) ;
#445 = SURFACE_STYLE_FILL_AREA ( #1760 ) ;
#446 = ORIENTED_EDGE ( 'NONE', *, *, #1080, .T. ) ;
#447 = EDGE_LOOP ( 'NONE', ( #852, #529, #414, #579 ) ) ;
#448 = SPHERICAL_SURFACE ( 'NONE', #171, 0.2999999999999999889 ) ;
#449 = CARTESIAN_POINT ( 'NONE',  ( 7.200000000000000178, -2.200000000000000178, 2.200000000000000178 ) ) ;
#450 = EDGE_CURVE ( 'NONE', #362, #1426, #407, .T. ) ;
#451 = DIRECTION ( 'NONE',  ( 0.000000000000000000, -1.000000000000000000, 0.000000000000000000 ) ) ;
#452 = FACE_OUTER_BOUND ( 'NONE', #698, .T. ) ;
#453 = FILL_AREA_STYLE_COLOUR ( '', #657 ) ;
#454 = AXIS2_PLACEMENT_3D ( 'NONE', #1263, #1683, #635 ) ;
#455 =( LENGTH_UNIT ( ) NAMED_UNIT ( * ) SI_UNIT ( .MILLI., .METRE. ) );
#456 =( LENGTH_UNIT ( ) NAMED_UNIT ( * ) SI_UNIT ( .MILLI., .METRE. ) );
#457 = PRESENTATION_LAYER_ASSIGNMENT (  '', '', ( #1366 ) ) ;
#458 = ORIENTED_EDGE ( 'NONE', *, *, #1647, .F. ) ;
#459 = LINE ( 'NONE', #735, #660 ) ;
#460 = EDGE_CURVE ( 'NONE', #7, #624, #1346, .T. ) ;
#461 = FILL_AREA_STYLE ('',( #1473 ) ) ;
#462 = VECTOR ( 'NONE', #1096, 1000.000000000000000 ) ;
#463 = SURFACE_STYLE_FILL_AREA ( #1772 ) ;
#464 = AXIS2_PLACEMENT_3D ( 'NONE', #501, #205, #1660 ) ;
#465 = SURFACE_STYLE_FILL_AREA ( #319 ) ;
#466 = SURFACE_STYLE_USAGE ( .BOTH. , #1336 ) ;
#467 = ORIENTED_EDGE ( 'NONE', *, *, #718, .T. ) ;
#468 = STYLED_ITEM ( 'NONE', ( #914 ), #406 ) ;
#469 = DIRECTION ( 'NONE',  ( 0.000000000000000000, 0.000000000000000000, 1.000000000000000000 ) ) ;
#470 = CIRCLE ( 'NONE', #100, 0.09999999999999982514 ) ;
#471 =( NAMED_UNIT ( * ) SI_UNIT ( $, .STERADIAN. ) SOLID_ANGLE_UNIT ( ) );
#472 = SURFACE_SIDE_STYLE ('',( #1611 ) ) ;
#473 = ADVANCED_FACE ( 'NONE', ( #338 ), #1218, .T. ) ;
#474 = DIRECTION ( 'NONE',  ( -1.000000000000000000, 0.000000000000000000, 0.000000000000000000 ) ) ;
#475 = UNCERTAINTY_MEASURE_WITH_UNIT (LENGTH_MEASURE( 1.000000000000000082E-05 ), #1571, 'distance_accuracy_value', 'NONE');
#476 = CARTESIAN_POINT ( 'NONE',  ( -4.700000000000000178, -2.200000000000000178, -2.500000000000000000 ) ) ;
#477 = EDGE_LOOP ( 'NONE', ( #791, #1481, #774, #1070 ) ) ;
#478 = DIRECTION ( 'NONE',  ( 0.000000000000000000, 0.000000000000000000, -1.000000000000000000 ) ) ;
#479 = DIRECTION ( 'NONE',  ( 0.000000000000000000, 0.000000000000000000, 1.000000000000000000 ) ) ;
#480 = DIRECTION ( 'NONE',  ( 1.000000000000000000, 0.000000000000000000, 0.000000000000000000 ) ) ;
#481 = CIRCLE ( 'NONE', #1702, 0.2999999999999999334 ) ;
#482 = CARTESIAN_POINT ( 'NONE',  ( -7.200000000000000178, 2.200000000000000178, 2.500000000000000000 ) ) ;
#483 = EDGE_CURVE ( 'NONE', #300, #1825, #638, .T. ) ;
#484 = ORIENTED_EDGE ( 'NONE', *, *, #1633, .F. ) ;
#485 = DIRECTION ( 'NONE',  ( -1.000000000000000000, 0.000000000000000000, 0.000000000000000000 ) ) ;
#486 = CARTESIAN_POINT ( 'NONE',  ( 7.200000000000000178, 2.500000000000000000, -2.200000000000000178 ) ) ;
#487 = VECTOR ( 'NONE', #1517, 1000.000000000000000 ) ;
#488 = COLOUR_RGB ( '',0.7921568627450980005, 0.8196078431372548767, 0.9333333333333333481 ) ;
#489 = DIRECTION ( 'NONE',  ( 1.000000000000000000, 0.000000000000000000, 0.000000000000000000 ) ) ;
#490 = ORIENTED_EDGE ( 'NONE', *, *, #1874, .F. ) ;
#491 = PRESENTATION_LAYER_ASSIGNMENT (  '', '', ( #242 ) ) ;
#492 = PRESENTATION_LAYER_ASSIGNMENT (  '', '', ( #581 ) ) ;
#493 = CARTESIAN_POINT ( 'NONE',  ( -4.700000000000000178, -2.299999999999999822, -2.200000000000000178 ) ) ;
#494 = CARTESIAN_POINT ( 'NONE',  ( -4.700000000000000178, 2.200000000000000178, 2.200000000000000178 ) ) ;
#495 = ORIENTED_EDGE ( 'NONE', *, *, #869, .F. ) ;
#496 = ADVANCED_FACE ( 'NONE', ( #509 ), #1082, .F. ) ;
#497 = DIRECTION ( 'NONE',  ( -0.000000000000000000, -0.000000000000000000, -1.000000000000000000 ) ) ;
#498 = CARTESIAN_POINT ( 'NONE',  ( 7.200000000000000178, -2.200000000000000178, -2.200000000000000178 ) ) ;
#499 = AXIS2_PLACEMENT_3D ( 'NONE', #996, #833, #712 ) ;
#500 = DIRECTION ( 'NONE',  ( -0.000000000000000000, -0.000000000000000000, -1.000000000000000000 ) ) ;
#501 = CARTESIAN_POINT ( 'NONE',  ( 7.200000000000000178, -2.200000000000000178, -2.200000000000000178 ) ) ;
#502 = CARTESIAN_POINT ( 'NONE',  ( -7.200000000000000178, -2.500000000000000000, -2.200000000000000178 ) ) ;
#503 = VERTEX_POINT ( 'NONE', #1418 ) ;
#504 =( NAMED_UNIT ( * ) SI_UNIT ( $, .STERADIAN. ) SOLID_ANGLE_UNIT ( ) );
#505 = DIRECTION ( 'NONE',  ( 0.000000000000000000, 1.000000000000000000, -0.000000000000000000 ) ) ;
#506 = ORIENTED_EDGE ( 'NONE', *, *, #379, .T. ) ;
#507 =( NAMED_UNIT ( * ) SI_UNIT ( $, .STERADIAN. ) SOLID_ANGLE_UNIT ( ) );
#508 = DIRECTION ( 'NONE',  ( 0.000000000000000000, 0.000000000000000000, -1.000000000000000000 ) ) ;
#509 = FACE_OUTER_BOUND ( 'NONE', #1467, .T. ) ;
#510 = FILL_AREA_STYLE_COLOUR ( '', #842 ) ;
#511 = ORIENTED_EDGE ( 'NONE', *, *, #1117, .F. ) ;
#512 = DIRECTION ( 'NONE',  ( 0.000000000000000000, 1.000000000000000000, 0.000000000000000000 ) ) ;
#513 = CIRCLE ( 'NONE', #426, 0.2999999999999999334 ) ;
#514 = FILL_AREA_STYLE ('',( #1814 ) ) ;
#515 = VECTOR ( 'NONE', #711, 1000.000000000000000 ) ;
#516 = COLOUR_RGB ( '',0.8980392156862745390, 0.8980392156862745390, 0.8980392156862745390 ) ;
#517 = EDGE_CURVE ( 'NONE', #57, #1745, #1556, .T. ) ;
#518 = CARTESIAN_POINT ( 'NONE',  ( -4.700000000000000178, 2.200000000000000178, -2.200000000000000178 ) ) ;
#519 = CARTESIAN_POINT ( 'NONE',  ( 7.500000000000000000, -2.500000000000000000, 2.200000000000000178 ) ) ;
#520 = COLOUR_RGB ( '',0.8980392156862745390, 0.8980392156862745390, 0.8980392156862745390 ) ;
#521 =( NAMED_UNIT ( * ) SI_UNIT ( $, .STERADIAN. ) SOLID_ANGLE_UNIT ( ) );
#522 = ORIENTED_EDGE ( 'NONE', *, *, #813, .F. ) ;
#523 = COLOUR_RGB ( '',0.8980392156862745390, 0.8980392156862745390, 0.8980392156862745390 ) ;
#524 = SURFACE_STYLE_USAGE ( .BOTH. , #79 ) ;
#525 = CARTESIAN_POINT ( 'NONE',  ( -4.700000000000000178, -2.200000000000000178, 2.299999999999999822 ) ) ;
#526 = ORIENTED_EDGE ( 'NONE', *, *, #1709, .F. ) ;
#527 =( NAMED_UNIT ( * ) SI_UNIT ( $, .STERADIAN. ) SOLID_ANGLE_UNIT ( ) );
#528 =( GEOMETRIC_REPRESENTATION_CONTEXT ( 3 ) GLOBAL_UNCERTAINTY_ASSIGNED_CONTEXT ( ( #808 ) ) GLOBAL_UNIT_ASSIGNED_CONTEXT ( ( #54, #704, #1050 ) ) REPRESENTATION_CONTEXT ( 'NONE', 'WORKASPACE' ) );
#529 = ORIENTED_EDGE ( 'NONE', *, *, #754, .F. ) ;
#530 = CARTESIAN_POINT ( 'NONE',  ( 7.200000000000000178, 2.200000000000000178, 2.200000000000000178 ) ) ;
#531 = FILL_AREA_STYLE ('',( #1811 ) ) ;
#532 = ORIENTED_EDGE ( 'NONE', *, *, #1117, .T. ) ;
#533 = UNCERTAINTY_MEASURE_WITH_UNIT (LENGTH_MEASURE( 1.000000000000000082E-05 ), #1420, 'distance_accuracy_value', 'NONE');
#534 = ORIENTED_EDGE ( 'NONE', *, *, #1725, .T. ) ;
#535 = FILL_AREA_STYLE ('',( #1853 ) ) ;
#536 = PRESENTATION_STYLE_ASSIGNMENT (( #678 ) ) ;
#537 = CARTESIAN_POINT ( 'NONE',  ( 4.700000000000000178, -2.200000000000000178, -2.500000000000000000 ) ) ;
#538 = EDGE_CURVE ( 'NONE', #327, #1426, #911, .T. ) ;
#539 = SURFACE_STYLE_FILL_AREA ( #1268 ) ;
#540 = FILL_AREA_STYLE ('',( #233 ) ) ;
#541 =( NAMED_UNIT ( * ) SI_UNIT ( $, .STERADIAN. ) SOLID_ANGLE_UNIT ( ) );
#542 = CIRCLE ( 'NONE', #1114, 0.09999999999999982514 ) ;
#543 = DIRECTION ( 'NONE',  ( 1.000000000000000000, 0.000000000000000000, 0.000000000000000000 ) ) ;
#544 = COLOUR_RGB ( '',0.8980392156862745390, 0.8980392156862745390, 0.8980392156862745390 ) ;
#545 = AXIS2_PLACEMENT_3D ( 'NONE', #1373, #1196, #953 ) ;
#546 = PRESENTATION_STYLE_ASSIGNMENT (( #1726 ) ) ;
#547 = SURFACE_STYLE_FILL_AREA ( #274 ) ;
#548 = LINE ( 'NONE', #413, #1337 ) ;
#549 = COLOUR_RGB ( '',0.8980392156862745390, 0.8980392156862745390, 0.8980392156862745390 ) ;
#550 = VERTEX_POINT ( 'NONE', #393 ) ;
#551 = PRODUCT_DEFINITION ( 'UNKNOWN', '', #1364, #1020 ) ;
#552 = UNCERTAINTY_MEASURE_WITH_UNIT (LENGTH_MEASURE( 1.000000000000000082E-05 ), #1174, 'distance_accuracy_value', 'NONE');
#553 =( GEOMETRIC_REPRESENTATION_CONTEXT ( 3 ) GLOBAL_UNCERTAINTY_ASSIGNED_CONTEXT ( ( #1850 ) ) GLOBAL_UNIT_ASSIGNED_CONTEXT ( ( #1785, #6, #418 ) ) REPRESENTATION_CONTEXT ( 'NONE', 'WORKASPACE' ) );
#554 = AXIS2_PLACEMENT_3D ( 'NONE', #675, #815, #684 ) ;
#555 = DIRECTION ( 'NONE',  ( 1.000000000000000000, 0.000000000000000000, 0.000000000000000000 ) ) ;
#556 = STYLED_ITEM ( 'NONE', ( #536 ), #391 ) ;
#557 = FACE_OUTER_BOUND ( 'NONE', #1877, .T. ) ;
#558 = MECHANICAL_DESIGN_GEOMETRIC_PRESENTATION_REPRESENTATION (  '', ( #1259 ), #1655 ) ;
#559 = LINE ( 'NONE', #578, #440 ) ;
#560 = FACE_OUTER_BOUND ( 'NONE', #110, .T. ) ;
#561 = ORIENTED_EDGE ( 'NONE', *, *, #1038, .T. ) ;
#562 =( NAMED_UNIT ( * ) SI_UNIT ( $, .STERADIAN. ) SOLID_ANGLE_UNIT ( ) );
#563 = EDGE_CURVE ( 'NONE', #1680, #1839, #1719, .T. ) ;
#564 = CARTESIAN_POINT ( 'NONE',  ( -7.200000000000000178, 2.200000000000000178, -2.200000000000000178 ) ) ;
#565 = FACE_OUTER_BOUND ( 'NONE', #1761, .T. ) ;
#566 = UNCERTAINTY_MEASURE_WITH_UNIT (LENGTH_MEASURE( 1.000000000000000082E-05 ), #1852, 'distance_accuracy_value', 'NONE');
#567 = VERTEX_POINT ( 'NONE', #1122 ) ;
#568 = DIRECTION ( 'NONE',  ( 1.000000000000000000, 0.000000000000000000, 0.000000000000000000 ) ) ;
#569 = STYLED_ITEM ( 'NONE', ( #1873 ), #1746 ) ;
#570 = PRESENTATION_STYLE_ASSIGNMENT (( #1617 ) ) ;
#571 = CARTESIAN_POINT ( 'NONE',  ( 7.500000000000000000, -2.500000000000000000, -2.500000000000000000 ) ) ;
#572 = DIRECTION ( 'NONE',  ( 0.000000000000000000, 0.000000000000000000, -1.000000000000000000 ) ) ;
#573 = MECHANICAL_DESIGN_GEOMETRIC_PRESENTATION_REPRESENTATION (  '', ( #807 ), #1395 ) ;
#574 = EDGE_CURVE ( 'NONE', #1680, #1747, #727, .T. ) ;
#575 = DIRECTION ( 'NONE',  ( -0.000000000000000000, -0.000000000000000000, 1.000000000000000000 ) ) ;
#576 = PRESENTATION_LAYER_ASSIGNMENT (  '', '', ( #810 ) ) ;
#577 =( GEOMETRIC_REPRESENTATION_CONTEXT ( 3 ) GLOBAL_UNCERTAINTY_ASSIGNED_CONTEXT ( ( #1876 ) ) GLOBAL_UNIT_ASSIGNED_CONTEXT ( ( #878, #895, #1743 ) ) REPRESENTATION_CONTEXT ( 'NONE', 'WORKASPACE' ) );
#578 = CARTESIAN_POINT ( 'NONE',  ( -4.700000000000000178, 2.299999999999999822, 2.200000000000000178 ) ) ;
#579 = ORIENTED_EDGE ( 'NONE', *, *, #1633, .T. ) ;
#580 = CARTESIAN_POINT ( 'NONE',  ( 4.700000000000000178, 2.299999999999999822, -2.200000000000000178 ) ) ;
#581 = STYLED_ITEM ( 'NONE', ( #216 ), #1326 ) ;
#582 = FILL_AREA_STYLE_COLOUR ( '', #1878 ) ;
#583 = CARTESIAN_POINT ( 'NONE',  ( -4.700000000000000178, -2.299999999999999822, -2.200000000000000178 ) ) ;
#584 = STYLED_ITEM ( 'NONE', ( #798 ), #496 ) ;
#585 =( NAMED_UNIT ( * ) PLANE_ANGLE_UNIT ( ) SI_UNIT ( $, .RADIAN. ) );
#586 = EDGE_CURVE ( 'NONE', #640, #327, #1262, .T. ) ;
#587 = ORIENTED_EDGE ( 'NONE', *, *, #20, .F. ) ;
#588 = ORIENTED_EDGE ( 'NONE', *, *, #959, .F. ) ;
#589 = LINE ( 'NONE', #1046, #209 ) ;
#590 = SURFACE_STYLE_USAGE ( .BOTH. , #13 ) ;
#591 = ADVANCED_FACE ( 'NONE', ( #1565 ), #408, .T. ) ;
#592 = VERTEX_POINT ( 'NONE', #992 ) ;
#593 = CARTESIAN_POINT ( 'NONE',  ( 0.000000000000000000, 0.000000000000000000, 0.000000000000000000 ) ) ;
#594 = CARTESIAN_POINT ( 'NONE',  ( -4.700000000000000178, -2.200000000000000178, -2.299999999999999822 ) ) ;
#595 = AXIS2_PLACEMENT_3D ( 'NONE', #746, #1493, #480 ) ;
#596 =( NAMED_UNIT ( * ) PLANE_ANGLE_UNIT ( ) SI_UNIT ( $, .RADIAN. ) );
#597 = PRESENTATION_LAYER_ASSIGNMENT (  '', '', ( #1273 ) ) ;
#598 = AXIS2_PLACEMENT_3D ( 'NONE', #593, #1764, #1328 ) ;
#599 = CIRCLE ( 'NONE', #1449, 0.2999999999999999334 ) ;
#600 = ORIENTED_EDGE ( 'NONE', *, *, #1695, .T. ) ;
#601 =( GEOMETRIC_REPRESENTATION_CONTEXT ( 3 ) GLOBAL_UNCERTAINTY_ASSIGNED_CONTEXT ( ( #1457 ) ) GLOBAL_UNIT_ASSIGNED_CONTEXT ( ( #1615, #1165, #135 ) ) REPRESENTATION_CONTEXT ( 'NONE', 'WORKASPACE' ) );
#602 = UNCERTAINTY_MEASURE_WITH_UNIT (LENGTH_MEASURE( 1.000000000000000082E-05 ), #971, 'distance_accuracy_value', 'NONE');
#603 = CARTESIAN_POINT ( 'NONE',  ( -4.700000000000000178, 2.299999999999999822, 2.200000000000000178 ) ) ;
#604 = PRESENTATION_LAYER_ASSIGNMENT (  '', '', ( #747 ) ) ;
#605 = CARTESIAN_POINT ( 'NONE',  ( 7.200000000000000178, -2.200000000000000178, 2.200000000000000178 ) ) ;
#606 = CARTESIAN_POINT ( 'NONE',  ( -7.500000000000000000, 0.000000000000000000, 0.000000000000000000 ) ) ;
#607 = CARTESIAN_POINT ( 'NONE',  ( 4.700000000000000178, -2.299999999999999822, -2.200000000000000178 ) ) ;
#608 = MECHANICAL_DESIGN_GEOMETRIC_PRESENTATION_REPRESENTATION (  '', ( #581 ), #819 ) ;
#609 =( LENGTH_UNIT ( ) NAMED_UNIT ( * ) SI_UNIT ( .MILLI., .METRE. ) );
#610 = DIRECTION ( 'NONE',  ( -1.000000000000000000, 0.000000000000000000, 0.000000000000000000 ) ) ;
#611 = EDGE_LOOP ( 'NONE', ( #1318, #285, #402, #561, #804, #1170, #938, #1527 ) ) ;
#612 =( NAMED_UNIT ( * ) PLANE_ANGLE_UNIT ( ) SI_UNIT ( $, .RADIAN. ) );
#613 = CARTESIAN_POINT ( 'NONE',  ( -4.700000000000000178, -2.299999999999999822, 2.200000000000000178 ) ) ;
#614 = AXIS2_PLACEMENT_3D ( 'NONE', #359, #1663, #1222 ) ;
#615 = PRESENTATION_LAYER_ASSIGNMENT (  '', '', ( #1012 ) ) ;
#616 = PRESENTATION_STYLE_ASSIGNMENT (( #44 ) ) ;
#617 = SURFACE_STYLE_USAGE ( .BOTH. , #1055 ) ;
#618 = EDGE_CURVE ( 'NONE', #1708, #1682, #1723, .T. ) ;
#619 = FILL_AREA_STYLE_COLOUR ( '', #344 ) ;
#620 = ORIENTED_EDGE ( 'NONE', *, *, #1739, .T. ) ;
#621 = SURFACE_SIDE_STYLE ('',( #1350 ) ) ;
#622 = FILL_AREA_STYLE_COLOUR ( '', #520 ) ;
#623 = CARTESIAN_POINT ( 'NONE',  ( 7.500000000000000000, 0.000000000000000000, 0.000000000000000000 ) ) ;
#624 = VERTEX_POINT ( 'NONE', #268 ) ;
#625 =( NAMED_UNIT ( * ) PLANE_ANGLE_UNIT ( ) SI_UNIT ( $, .RADIAN. ) );
#626 = DIRECTION ( 'NONE',  ( 0.000000000000000000, 0.000000000000000000, 1.000000000000000000 ) ) ;
#627 = SURFACE_STYLE_FILL_AREA ( #942 ) ;
#628 = CIRCLE ( 'NONE', #1875, 0.2999999999999999334 ) ;
#629 = ORIENTED_EDGE ( 'NONE', *, *, #1401, .T. ) ;
#630 =( NAMED_UNIT ( * ) SI_UNIT ( $, .STERADIAN. ) SOLID_ANGLE_UNIT ( ) );
#631 = FILL_AREA_STYLE_COLOUR ( '', #368 ) ;
#632 = AXIS2_PLACEMENT_3D ( 'NONE', #1754, #707, #1445 ) ;
#633 = MECHANICAL_DESIGN_GEOMETRIC_PRESENTATION_REPRESENTATION (  '', ( #1121 ), #144 ) ;
#634 = CARTESIAN_POINT ( 'NONE',  ( -4.700000000000000178, -2.200000000000000178, 2.200000000000000178 ) ) ;
#635 = DIRECTION ( 'NONE',  ( 0.000000000000000000, 0.000000000000000000, -1.000000000000000000 ) ) ;
#636 = AXIS2_PLACEMENT_3D ( 'NONE', #109, #1696, #1525 ) ;
#637 = VECTOR ( 'NONE', #314, 1000.000000000000000 ) ;
#638 = LINE ( 'NONE', #493, #1157 ) ;
#639 = CARTESIAN_POINT ( 'NONE',  ( 7.500000000000000000, 2.500000000000000000, 2.200000000000000178 ) ) ;
#640 = VERTEX_POINT ( 'NONE', #123 ) ;
#641 = MECHANICAL_DESIGN_GEOMETRIC_PRESENTATION_REPRESENTATION (  '', ( #584 ), #528 ) ;
#642 = ADVANCED_FACE ( 'NONE', ( #236 ), #1111, .F. ) ;
#643 =( NAMED_UNIT ( * ) PLANE_ANGLE_UNIT ( ) SI_UNIT ( $, .RADIAN. ) );
#644 = AXIS2_PLACEMENT_3D ( 'NONE', #956, #377, #1512 ) ;
#645 = ORIENTED_EDGE ( 'NONE', *, *, #1725, .F. ) ;
#646 =( GEOMETRIC_REPRESENTATION_CONTEXT ( 3 ) GLOBAL_UNCERTAINTY_ASSIGNED_CONTEXT ( ( #1169 ) ) GLOBAL_UNIT_ASSIGNED_CONTEXT ( ( #1788, #915, #1043 ) ) REPRESENTATION_CONTEXT ( 'NONE', 'WORKASPACE' ) );
#647 = FACE_OUTER_BOUND ( 'NONE', #1623, .T. ) ;
#648 = DIRECTION ( 'NONE',  ( 1.000000000000000000, 0.000000000000000000, 0.000000000000000000 ) ) ;
#649 = DIRECTION ( 'NONE',  ( -1.000000000000000000, 0.000000000000000000, 0.000000000000000000 ) ) ;
#650 = ORIENTED_EDGE ( 'NONE', *, *, #1105, .F. ) ;
#651 = EDGE_CURVE ( 'NONE', #1839, #1745, #238, .T. ) ;
#652 = ORIENTED_EDGE ( 'NONE', *, *, #776, .T. ) ;
#653 = DIRECTION ( 'NONE',  ( 1.000000000000000000, -0.000000000000000000, -0.000000000000000000 ) ) ;
#654 = EDGE_LOOP ( 'NONE', ( #1253, #19, #1691 ) ) ;
#655 = AXIS2_PLACEMENT_3D ( 'NONE', #1197, #1630, #315 ) ;
#656 = CARTESIAN_POINT ( 'NONE',  ( 7.200000000000000178, -2.500000000000000000, 2.500000000000000000 ) ) ;
#657 = COLOUR_RGB ( '',0.8980392156862745390, 0.8980392156862745390, 0.8980392156862745390 ) ;
#658 = ORIENTED_EDGE ( 'NONE', *, *, #4, .T. ) ;
#659 = SURFACE_STYLE_USAGE ( .BOTH. , #80 ) ;
#660 = VECTOR ( 'NONE', #877, 1000.000000000000000 ) ;
#661 = ORIENTED_EDGE ( 'NONE', *, *, #839, .F. ) ;
#662 = EDGE_CURVE ( 'NONE', #1825, #1752, #88, .T. ) ;
#663 = SURFACE_STYLE_FILL_AREA ( #1217 ) ;
#664 =( NAMED_UNIT ( * ) SI_UNIT ( $, .STERADIAN. ) SOLID_ANGLE_UNIT ( ) );
#665 = SURFACE_SIDE_STYLE ('',( #751 ) ) ;
#666 = MECHANICAL_DESIGN_GEOMETRIC_PRESENTATION_REPRESENTATION (  '', ( #1516 ), #401 ) ;
#667 = DIRECTION ( 'NONE',  ( 0.000000000000000000, 0.000000000000000000, -1.000000000000000000 ) ) ;
#668 = EDGE_LOOP ( 'NONE', ( #1532, #1523, #375, #1304 ) ) ;
#669 =( GEOMETRIC_REPRESENTATION_CONTEXT ( 3 ) GLOBAL_UNCERTAINTY_ASSIGNED_CONTEXT ( ( #772 ) ) GLOBAL_UNIT_ASSIGNED_CONTEXT ( ( #1323, #155, #1793 ) ) REPRESENTATION_CONTEXT ( 'NONE', 'WORKASPACE' ) );
#670 =( LENGTH_UNIT ( ) NAMED_UNIT ( * ) SI_UNIT ( .MILLI., .METRE. ) );
#671 =( NAMED_UNIT ( * ) SI_UNIT ( $, .STERADIAN. ) SOLID_ANGLE_UNIT ( ) );
#672 = ORIENTED_EDGE ( 'NONE', *, *, #802, .F. ) ;
#673 = FILL_AREA_STYLE ('',( #803 ) ) ;
#674 = VECTOR ( 'NONE', #1365, 1000.000000000000000 ) ;
#675 = CARTESIAN_POINT ( 'NONE',  ( 7.200000000000000178, -2.200000000000000178, -2.200000000000000178 ) ) ;
#676 = DIRECTION ( 'NONE',  ( 1.000000000000000000, -0.000000000000000000, -0.000000000000000000 ) ) ;
#677 = AXIS2_PLACEMENT_3D ( 'NONE', #623, #60, #1798 ) ;
#678 = SURFACE_STYLE_USAGE ( .BOTH. , #831 ) ;
#679 = ADVANCED_FACE ( 'NONE', ( #322 ), #289, .T. ) ;
#680 = CARTESIAN_POINT ( 'NONE',  ( -4.700000000000000178, -2.200000000000000178, -2.200000000000000178 ) ) ;
#681 = DIRECTION ( 'NONE',  ( -1.000000000000000000, 0.000000000000000000, -0.000000000000000000 ) ) ;
#682 = CARTESIAN_POINT ( 'NONE',  ( 4.700000000000000178, -2.200000000000000178, -2.200000000000000178 ) ) ;
#683 = VERTEX_POINT ( 'NONE', #1872 ) ;
#684 = DIRECTION ( 'NONE',  ( 0.000000000000000000, 0.000000000000000000, -1.000000000000000000 ) ) ;
#685 = CARTESIAN_POINT ( 'NONE',  ( 7.200000000000000178, 2.500000000000000000, 2.500000000000000000 ) ) ;
#686 = CARTESIAN_POINT ( 'NONE',  ( -7.200000000000000178, 2.200000000000000178, 2.200000000000000178 ) ) ;
#687 = ORIENTED_EDGE ( 'NONE', *, *, #157, .F. ) ;
#688 = VECTOR ( 'NONE', #575, 1000.000000000000000 ) ;
#689 = CARTESIAN_POINT ( 'NONE',  ( -7.500000000000000000, -2.200000000000000178, 2.200000000000000178 ) ) ;
#690 = VECTOR ( 'NONE', #1333, 1000.000000000000000 ) ;
#691 = DIRECTION ( 'NONE',  ( 1.000000000000000000, 0.000000000000000000, 0.000000000000000000 ) ) ;
#692 = CARTESIAN_POINT ( 'NONE',  ( 7.500000000000000000, -2.200000000000000178, 2.200000000000000178 ) ) ;
#693 = STYLED_ITEM ( 'NONE', ( #15 ), #1552 ) ;
#694 = VECTOR ( 'NONE', #145, 1000.000000000000000 ) ;
#695 = DIRECTION ( 'NONE',  ( 1.000000000000000000, -0.000000000000000000, -0.000000000000000000 ) ) ;
#696 = PLANE ( 'NONE',  #858 ) ;
#697 = DIRECTION ( 'NONE',  ( 0.000000000000000000, 0.000000000000000000, -1.000000000000000000 ) ) ;
#698 = EDGE_LOOP ( 'NONE', ( #70, #390, #750, #1590 ) ) ;
#699 = EDGE_CURVE ( 'NONE', #1786, #683, #1756, .T. ) ;
#700 = CYLINDRICAL_SURFACE ( 'NONE', #1582, 0.2999999999999999334 ) ;
#701 = PRESENTATION_LAYER_ASSIGNMENT (  '', '', ( #980 ) ) ;
#702 = FILL_AREA_STYLE_COLOUR ( '', #282 ) ;
#703 = CARTESIAN_POINT ( 'NONE',  ( 4.700000000000000178, -2.200000000000000178, -2.299999999999999822 ) ) ;
#704 =( NAMED_UNIT ( * ) PLANE_ANGLE_UNIT ( ) SI_UNIT ( $, .RADIAN. ) );
#705 = FILL_AREA_STYLE_COLOUR ( '', #1563 ) ;
#706 = EDGE_LOOP ( 'NONE', ( #652, #1060, #1032, #495 ) ) ;
#707 = DIRECTION ( 'NONE',  ( 1.000000000000000000, 0.000000000000000000, 0.000000000000000000 ) ) ;
#708 = EDGE_CURVE ( 'NONE', #369, #89, #1061, .T. ) ;
#709 = DIRECTION ( 'NONE',  ( 0.000000000000000000, 0.000000000000000000, 1.000000000000000000 ) ) ;
#710 = FILL_AREA_STYLE_COLOUR ( '', #422 ) ;
#711 = DIRECTION ( 'NONE',  ( 1.000000000000000000, -0.000000000000000000, -0.000000000000000000 ) ) ;
#712 = DIRECTION ( 'NONE',  ( 0.000000000000000000, 0.000000000000000000, -1.000000000000000000 ) ) ;
#713 = ORIENTED_EDGE ( 'NONE', *, *, #1619, .T. ) ;
#714 = UNCERTAINTY_MEASURE_WITH_UNIT (LENGTH_MEASURE( 1.000000000000000082E-05 ), #33, 'distance_accuracy_value', 'NONE');
#715 = EDGE_LOOP ( 'NONE', ( #1051, #650, #248 ) ) ;
#716 = PLANE ( 'NONE',  #1674 ) ;
#717 = CARTESIAN_POINT ( 'NONE',  ( 7.500000000000000000, -2.500000000000000000, -2.500000000000000000 ) ) ;
#718 = EDGE_CURVE ( 'NONE', #1361, #7, #863, .T. ) ;
#719 = CARTESIAN_POINT ( 'NONE',  ( -4.700000000000000178, -2.200000000000000178, -2.299999999999999822 ) ) ;
#720 = MANIFOLD_SOLID_BREP ( 'Cut-Extrude1', #1160 ) ;
#721 = ORIENTED_EDGE ( 'NONE', *, *, #1232, .F. ) ;
#722 = ORIENTED_EDGE ( 'NONE', *, *, #1466, .T. ) ;
#723 = FILL_AREA_STYLE ('',( #288 ) ) ;
#724 = MECHANICAL_DESIGN_GEOMETRIC_PRESENTATION_REPRESENTATION (  '', ( #1404 ), #757 ) ;
#725 = LINE ( 'NONE', #1065, #1211 ) ;
#726 = FACE_OUTER_BOUND ( 'NONE', #1528, .T. ) ;
#727 = CIRCLE ( 'NONE', #69, 0.2999999999999999334 ) ;
#728 = DIRECTION ( 'NONE',  ( 1.000000000000000000, -0.000000000000000000, -0.000000000000000000 ) ) ;
#729 = STYLED_ITEM ( 'NONE', ( #930 ), #366 ) ;
#730 = EDGE_CURVE ( 'NONE', #1426, #392, #725, .T. ) ;
#731 = UNCERTAINTY_MEASURE_WITH_UNIT (LENGTH_MEASURE( 1.000000000000000082E-05 ), #880, 'distance_accuracy_value', 'NONE');
#732 = PRESENTATION_LAYER_ASSIGNMENT (  '', '', ( #340 ) ) ;
#733 =( GEOMETRIC_REPRESENTATION_CONTEXT ( 3 ) GLOBAL_UNCERTAINTY_ASSIGNED_CONTEXT ( ( #602 ) ) GLOBAL_UNIT_ASSIGNED_CONTEXT ( ( #971, #1570, #1289 ) ) REPRESENTATION_CONTEXT ( 'NONE', 'WORKASPACE' ) );
#734 = AXIS2_PLACEMENT_3D ( 'NONE', #1134, #1705, #108 ) ;
#735 = CARTESIAN_POINT ( 'NONE',  ( 7.200000000000000178, -2.500000000000000000, 2.500000000000000000 ) ) ;
#736 = FILL_AREA_STYLE ('',( #453 ) ) ;
#737 = FILL_AREA_STYLE ('',( #1355 ) ) ;
#738 = EDGE_CURVE ( 'NONE', #26, #640, #1452, .T. ) ;
#739 = CARTESIAN_POINT ( 'NONE',  ( -4.700000000000000178, 2.200000000000000178, -2.200000000000000178 ) ) ;
#740 = ORIENTED_EDGE ( 'NONE', *, *, #187, .T. ) ;
#741 = ORIENTED_EDGE ( 'NONE', *, *, #345, .F. ) ;
#742 = ADVANCED_FACE ( 'NONE', ( #1509 ), #1091, .T. ) ;
#743 = FILL_AREA_STYLE_COLOUR ( '', #1578 ) ;
#744 = DIRECTION ( 'NONE',  ( -0.000000000000000000, 0.000000000000000000, -1.000000000000000000 ) ) ;
#745 =( LENGTH_UNIT ( ) NAMED_UNIT ( * ) SI_UNIT ( .MILLI., .METRE. ) );
#746 = CARTESIAN_POINT ( 'NONE',  ( -7.200000000000000178, -2.200000000000000178, 2.500000000000000000 ) ) ;
#747 = STYLED_ITEM ( 'NONE', ( #1583 ), #1014 ) ;
#748 = FILL_AREA_STYLE_COLOUR ( '', #523 ) ;
#749 = VECTOR ( 'NONE', #1791, 1000.000000000000000 ) ;
#750 = ORIENTED_EDGE ( 'NONE', *, *, #813, .T. ) ;
#751 = SURFACE_STYLE_FILL_AREA ( #1624 ) ;
#752 = UNCERTAINTY_MEASURE_WITH_UNIT (LENGTH_MEASURE( 1.000000000000000082E-05 ), #1803, 'distance_accuracy_value', 'NONE');
#753 = DIRECTION ( 'NONE',  ( 1.000000000000000000, 0.000000000000000000, 0.000000000000000000 ) ) ;
#754 = EDGE_CURVE ( 'NONE', #913, #1225, #1239, .T. ) ;
#755 = SURFACE_STYLE_FILL_AREA ( #514 ) ;
#756 = CARTESIAN_POINT ( 'NONE',  ( -4.700000000000000178, -2.200000000000000178, 2.299999999999999822 ) ) ;
#757 =( GEOMETRIC_REPRESENTATION_CONTEXT ( 3 ) GLOBAL_UNCERTAINTY_ASSIGNED_CONTEXT ( ( #321 ) ) GLOBAL_UNIT_ASSIGNED_CONTEXT ( ( #455, #789, #521 ) ) REPRESENTATION_CONTEXT ( 'NONE', 'WORKASPACE' ) );
#758 = DIRECTION ( 'NONE',  ( 0.000000000000000000, -0.000000000000000000, -1.000000000000000000 ) ) ;
#759 = CARTESIAN_POINT ( 'NONE',  ( -4.700000000000000178, 2.200000000000000178, 2.200000000000000178 ) ) ;
#760 =( LENGTH_UNIT ( ) NAMED_UNIT ( * ) SI_UNIT ( .MILLI., .METRE. ) );
#761 = DIRECTION ( 'NONE',  ( 1.000000000000000000, 0.000000000000000000, 0.000000000000000000 ) ) ;
#762 = VERTEX_POINT ( 'NONE', #784 ) ;
#763 = FILL_AREA_STYLE ('',( #183 ) ) ;
#764 = SURFACE_SIDE_STYLE ('',( #208 ) ) ;
#765 = MECHANICAL_DESIGN_GEOMETRIC_PRESENTATION_REPRESENTATION (  '', ( #1100 ), #553 ) ;
#766 = EDGE_CURVE ( 'NONE', #503, #1786, #1072, .T. ) ;
#767 = FACE_OUTER_BOUND ( 'NONE', #933, .T. ) ;
#768 = FACE_OUTER_BOUND ( 'NONE', #706, .T. ) ;
#769 = DIRECTION ( 'NONE',  ( -1.000000000000000000, 0.000000000000000000, 0.000000000000000000 ) ) ;
#770 = SURFACE_STYLE_USAGE ( .BOTH. , #779 ) ;
#771 =( NAMED_UNIT ( * ) SI_UNIT ( $, .STERADIAN. ) SOLID_ANGLE_UNIT ( ) );
#772 = UNCERTAINTY_MEASURE_WITH_UNIT (LENGTH_MEASURE( 1.000000000000000082E-05 ), #1323, 'distance_accuracy_value', 'NONE');
#773 = DIRECTION ( 'NONE',  ( 1.000000000000000000, 0.000000000000000000, 0.000000000000000000 ) ) ;
#774 = ORIENTED_EDGE ( 'NONE', *, *, #618, .T. ) ;
#775 = SURFACE_STYLE_FILL_AREA ( #196 ) ;
#776 = EDGE_CURVE ( 'NONE', #950, #1682, #900, .T. ) ;
#777 = CYLINDRICAL_SURFACE ( 'NONE', #1127, 0.09999999999999982514 ) ;
#778 = VECTOR ( 'NONE', #676, 1000.000000000000000 ) ;
#779 = SURFACE_SIDE_STYLE ('',( #1496 ) ) ;
#780 = EDGE_LOOP ( 'NONE', ( #92, #1596, #1614, #1163 ) ) ;
#781 =( NAMED_UNIT ( * ) SI_UNIT ( $, .STERADIAN. ) SOLID_ANGLE_UNIT ( ) );
#782 = CARTESIAN_POINT ( 'NONE',  ( 4.700000000000000178, 2.200000000000000178, -2.200000000000000178 ) ) ;
#783 = MECHANICAL_DESIGN_GEOMETRIC_PRESENTATION_REPRESENTATION (  '', ( #810 ), #972 ) ;
#784 = CARTESIAN_POINT ( 'NONE',  ( -4.700000000000000178, 2.200000000000000178, -2.299999999999999822 ) ) ;
#785 = ORIENTED_EDGE ( 'NONE', *, *, #928, .T. ) ;
#786 = DIRECTION ( 'NONE',  ( 1.000000000000000000, -0.000000000000000000, -0.000000000000000000 ) ) ;
#787 = PRESENTATION_LAYER_ASSIGNMENT (  '', '', ( #1613 ) ) ;
#788 = CARTESIAN_POINT ( 'NONE',  ( -4.700000000000000178, 2.200000000000000178, 2.200000000000000178 ) ) ;
#789 =( NAMED_UNIT ( * ) PLANE_ANGLE_UNIT ( ) SI_UNIT ( $, .RADIAN. ) );
#790 = EDGE_CURVE ( 'NONE', #592, #1808, #1638, .T. ) ;
#791 = ORIENTED_EDGE ( 'NONE', *, *, #1770, .F. ) ;
#792 = MECHANICAL_DESIGN_GEOMETRIC_PRESENTATION_REPRESENTATION (  '', ( #946 ), #1314 ) ;
#793 = FACE_BOUND ( 'NONE', #611, .T. ) ;
#794 = MECHANICAL_DESIGN_GEOMETRIC_PRESENTATION_REPRESENTATION (  '', ( #340 ), #1558 ) ;
#795 = LINE ( 'NONE', #1383, #332 ) ;
#796 = STYLED_ITEM ( 'NONE', ( #1840 ), #55 ) ;
#797 = DIRECTION ( 'NONE',  ( 0.000000000000000000, -0.000000000000000000, 1.000000000000000000 ) ) ;
#798 = PRESENTATION_STYLE_ASSIGNMENT (( #214 ) ) ;
#799 = ORIENTED_EDGE ( 'NONE', *, *, #738, .T. ) ;
#800 = EDGE_CURVE ( 'NONE', #550, #291, #1148, .T. ) ;
#801 = SURFACE_STYLE_FILL_AREA ( #947 ) ;
#802 = EDGE_CURVE ( 'NONE', #1286, #1577, #1352, .T. ) ;
#803 = FILL_AREA_STYLE_COLOUR ( '', #215 ) ;
#804 = ORIENTED_EDGE ( 'NONE', *, *, #662, .T. ) ;
#805 = ORIENTED_EDGE ( 'NONE', *, *, #460, .T. ) ;
#806 = VECTOR ( 'NONE', #955, 1000.000000000000000 ) ;
#807 = STYLED_ITEM ( 'NONE', ( #1640 ), #1867 ) ;
#808 = UNCERTAINTY_MEASURE_WITH_UNIT (LENGTH_MEASURE( 1.000000000000000082E-05 ), #54, 'distance_accuracy_value', 'NONE');
#809 = FILL_AREA_STYLE_COLOUR ( '', #188 ) ;
#810 = STYLED_ITEM ( 'NONE', ( #616 ), #827 ) ;
#811 = DIRECTION ( 'NONE',  ( -1.000000000000000000, 0.000000000000000000, 0.000000000000000000 ) ) ;
#812 = ORIENTED_EDGE ( 'NONE', *, *, #168, .T. ) ;
#813 = EDGE_CURVE ( 'NONE', #1842, #1740, #795, .T. ) ;
#814 = AXIS2_PLACEMENT_3D ( 'NONE', #1045, #451, #1299 ) ;
#815 = DIRECTION ( 'NONE',  ( 0.000000000000000000, -1.000000000000000000, 0.000000000000000000 ) ) ;
#816 = DIRECTION ( 'NONE',  ( 0.000000000000000000, 0.000000000000000000, -1.000000000000000000 ) ) ;
#817 = CARTESIAN_POINT ( 'NONE',  ( -7.500000000000000000, -2.200000000000000178, -2.200000000000000178 ) ) ;
#818 = DIRECTION ( 'NONE',  ( 0.000000000000000000, 0.000000000000000000, 1.000000000000000000 ) ) ;
#819 =( GEOMETRIC_REPRESENTATION_CONTEXT ( 3 ) GLOBAL_UNCERTAINTY_ASSIGNED_CONTEXT ( ( #1254 ) ) GLOBAL_UNIT_ASSIGNED_CONTEXT ( ( #227, #1084, #1675 ) ) REPRESENTATION_CONTEXT ( 'NONE', 'WORKASPACE' ) );
#820 = AXIS2_PLACEMENT_3D ( 'NONE', #606, #897, #1187 ) ;
#821 = LINE ( 'NONE', #1387, #1860 ) ;
#822 = ORIENTED_EDGE ( 'NONE', *, *, #1574, .F. ) ;
#823 = DIRECTION ( 'NONE',  ( 1.000000000000000000, 0.000000000000000000, 0.000000000000000000 ) ) ;
#824 = AXIS2_PLACEMENT_3D ( 'NONE', #1081, #226, #508 ) ;
#825 = LINE ( 'NONE', #1540, #1857 ) ;
#826 = VERTEX_POINT ( 'NONE', #1231 ) ;
#827 = ADVANCED_FACE ( 'NONE', ( #767 ), #53, .T. ) ;
#828 = DIRECTION ( 'NONE',  ( 0.000000000000000000, -0.000000000000000000, -1.000000000000000000 ) ) ;
#829 =( LENGTH_UNIT ( ) NAMED_UNIT ( * ) SI_UNIT ( .MILLI., .METRE. ) );
#830 = STYLED_ITEM ( 'NONE', ( #951 ), #65 ) ;
#831 = SURFACE_SIDE_STYLE ('',( #98 ) ) ;
#832 = CIRCLE ( 'NONE', #499, 0.2999999999999999334 ) ;
#833 = DIRECTION ( 'NONE',  ( 0.000000000000000000, -1.000000000000000000, 0.000000000000000000 ) ) ;
#834 = PRESENTATION_STYLE_ASSIGNMENT (( #1535 ) ) ;
#835 = DIRECTION ( 'NONE',  ( 0.000000000000000000, 0.000000000000000000, 1.000000000000000000 ) ) ;
#836 = PRESENTATION_STYLE_ASSIGNMENT (( #260 ) ) ;
#837 = SURFACE_SIDE_STYLE ('',( #1594 ) ) ;
#838 = DIRECTION ( 'NONE',  ( -1.000000000000000000, 0.000000000000000000, 0.000000000000000000 ) ) ;
#839 = EDGE_CURVE ( 'NONE', #1745, #1426, #825, .T. ) ;
#840 = FACE_OUTER_BOUND ( 'NONE', #962, .T. ) ;
#841 = DIRECTION ( 'NONE',  ( 0.000000000000000000, 0.000000000000000000, 1.000000000000000000 ) ) ;
#842 = COLOUR_RGB ( '',0.6666666666666666297, 0.6980392156862744724, 0.7686274509803920907 ) ;
#843 =( GEOMETRIC_REPRESENTATION_CONTEXT ( 3 ) GLOBAL_UNCERTAINTY_ASSIGNED_CONTEXT ( ( #179 ) ) GLOBAL_UNIT_ASSIGNED_CONTEXT ( ( #1753, #1312, #1469 ) ) REPRESENTATION_CONTEXT ( 'NONE', 'WORKASPACE' ) );
#844 = DIRECTION ( 'NONE',  ( -0.000000000000000000, -1.000000000000000000, 0.000000000000000000 ) ) ;
#845 = PLANE ( 'NONE',  #1455 ) ;
#846 = SURFACE_STYLE_USAGE ( .BOTH. , #837 ) ;
#847 = VECTOR ( 'NONE', #152, 1000.000000000000000 ) ;
#848 = AXIS2_PLACEMENT_3D ( 'NONE', #1341, #916, #894 ) ;
#849 = PRODUCT_RELATED_PRODUCT_CATEGORY ( 'part', '', ( #443 ) ) ;
#850 = DIRECTION ( 'NONE',  ( 1.000000000000000000, -0.000000000000000000, -0.000000000000000000 ) ) ;
#851 = CIRCLE ( 'NONE', #1154, 0.2999999999999999334 ) ;
#852 = ORIENTED_EDGE ( 'NONE', *, *, #330, .F. ) ;
#853 = PRESENTATION_LAYER_ASSIGNMENT (  '', '', ( #1288 ) ) ;
#854 = SURFACE_SIDE_STYLE ('',( #423 ) ) ;
#855 = CARTESIAN_POINT ( 'NONE',  ( -4.700000000000000178, -2.500000000000000000, -2.200000000000000178 ) ) ;
#856 =( GEOMETRIC_REPRESENTATION_CONTEXT ( 3 ) GLOBAL_UNCERTAINTY_ASSIGNED_CONTEXT ( ( #421 ) ) GLOBAL_UNIT_ASSIGNED_CONTEXT ( ( #1851, #415, #527 ) ) REPRESENTATION_CONTEXT ( 'NONE', 'WORKASPACE' ) );
#857 = LINE ( 'NONE', #1441, #688 ) ;
#858 = AXIS2_PLACEMENT_3D ( 'NONE', #739, #761, #1774 ) ;
#859 = DIRECTION ( 'NONE',  ( -0.000000000000000000, -0.000000000000000000, 1.000000000000000000 ) ) ;
#860 = ORIENTED_EDGE ( 'NONE', *, *, #1266, .T. ) ;
#861 = DIRECTION ( 'NONE',  ( -1.000000000000000000, 0.000000000000000000, 0.000000000000000000 ) ) ;
#862 = ADVANCED_FACE ( 'NONE', ( #1429 ), #700, .T. ) ;
#863 = LINE ( 'NONE', #146, #1733 ) ;
#864 = LINE ( 'NONE', #1175, #637 ) ;
#865 = CARTESIAN_POINT ( 'NONE',  ( 4.700000000000000178, -2.200000000000000178, 2.500000000000000000 ) ) ;
#866 = ORIENTED_EDGE ( 'NONE', *, *, #1600, .F. ) ;
#867 = CARTESIAN_POINT ( 'NONE',  ( -4.700000000000000178, -2.200000000000000178, 2.500000000000000000 ) ) ;
#868 = MECHANICAL_DESIGN_GEOMETRIC_PRESENTATION_REPRESENTATION (  '', ( #1604 ), #82 ) ;
#869 = EDGE_CURVE ( 'NONE', #950, #1842, #1120, .T. ) ;
#870 = CARTESIAN_POINT ( 'NONE',  ( 7.200000000000000178, 2.200000000000000178, 2.200000000000000178 ) ) ;
#871 = PRESENTATION_LAYER_ASSIGNMENT (  '', '', ( #1673 ) ) ;
#872 = SURFACE_STYLE_USAGE ( .BOTH. , #308 ) ;
#873 = AXIS2_PLACEMENT_3D ( 'NONE', #449, #1599, #568 ) ;
#874 = STYLED_ITEM ( 'NONE', ( #927 ), #742 ) ;
#875 = ORIENTED_EDGE ( 'NONE', *, *, #218, .F. ) ;
#876 = ORIENTED_EDGE ( 'NONE', *, *, #1709, .T. ) ;
#877 = DIRECTION ( 'NONE',  ( -0.000000000000000000, -0.000000000000000000, 1.000000000000000000 ) ) ;
#878 =( LENGTH_UNIT ( ) NAMED_UNIT ( * ) SI_UNIT ( .MILLI., .METRE. ) );
#879 = CARTESIAN_POINT ( 'NONE',  ( -4.700000000000000178, -2.299999999999999822, -2.200000000000000178 ) ) ;
#880 =( LENGTH_UNIT ( ) NAMED_UNIT ( * ) SI_UNIT ( .MILLI., .METRE. ) );
#881 = ADVANCED_FACE ( 'NONE', ( #1110 ), #293, .T. ) ;
#882 =( GEOMETRIC_REPRESENTATION_CONTEXT ( 3 ) GLOBAL_UNCERTAINTY_ASSIGNED_CONTEXT ( ( #1278 ) ) GLOBAL_UNIT_ASSIGNED_CONTEXT ( ( #1291, #113, #1282 ) ) REPRESENTATION_CONTEXT ( 'NONE', 'WORKASPACE' ) );
#883 = CIRCLE ( 'NONE', #1219, 0.09999999999999982514 ) ;
#884 = EDGE_CURVE ( 'NONE', #7, #640, #1281, .T. ) ;
#885 = DIRECTION ( 'NONE',  ( 0.000000000000000000, 0.000000000000000000, -1.000000000000000000 ) ) ;
#886 = ORIENTED_EDGE ( 'NONE', *, *, #118, .F. ) ;
#887 = SHAPE_DEFINITION_REPRESENTATION ( #1320, #986 ) ;
#888 = CARTESIAN_POINT ( 'NONE',  ( -7.200000000000000178, 2.200000000000000178, -2.200000000000000178 ) ) ;
#889 = PRESENTATION_STYLE_ASSIGNMENT (( #1463 ) ) ;
#890 = CARTESIAN_POINT ( 'NONE',  ( -4.700000000000000178, -2.200000000000001066, 2.300000000000000266 ) ) ;
#891 = EDGE_CURVE ( 'NONE', #1238, #1849, #1450, .T. ) ;
#892 = VERTEX_POINT ( 'NONE', #580 ) ;
#893 = DIRECTION ( 'NONE',  ( 1.000000000000000000, -0.000000000000000000, -0.000000000000000000 ) ) ;
#894 = DIRECTION ( 'NONE',  ( 0.000000000000000000, 0.000000000000000000, 1.000000000000000000 ) ) ;
#895 =( NAMED_UNIT ( * ) PLANE_ANGLE_UNIT ( ) SI_UNIT ( $, .RADIAN. ) );
#896 = ORIENTED_EDGE ( 'NONE', *, *, #1380, .F. ) ;
#897 = DIRECTION ( 'NONE',  ( -1.000000000000000000, 0.000000000000000000, 0.000000000000000000 ) ) ;
#898 = AXIS2_PLACEMENT_3D ( 'NONE', #964, #1543, #816 ) ;
#899 = DIRECTION ( 'NONE',  ( 0.000000000000000000, -1.000000000000000000, 0.000000000000000000 ) ) ;
#900 = CIRCLE ( 'NONE', #86, 0.2999999999999999334 ) ;
#901 = DIRECTION ( 'NONE',  ( 1.000000000000000000, 0.000000000000000000, 0.000000000000000000 ) ) ;
#902 = FILL_AREA_STYLE_COLOUR ( '', #1192 ) ;
#903 = ORIENTED_EDGE ( 'NONE', *, *, #118, .T. ) ;
#904 = STYLED_ITEM ( 'NONE', ( #570 ), #679 ) ;
#905 = EDGE_CURVE ( 'NONE', #1238, #1835, #513, .T. ) ;
#906 = ORIENTED_EDGE ( 'NONE', *, *, #16, .F. ) ;
#907 = CIRCLE ( 'NONE', #636, 0.2999999999999999334 ) ;
#908 = FILL_AREA_STYLE_COLOUR ( '', #68 ) ;
#909 = VECTOR ( 'NONE', #1773, 1000.000000000000000 ) ;
#910 = DIRECTION ( 'NONE',  ( 1.000000000000000000, -0.000000000000000000, -0.000000000000000000 ) ) ;
#911 = CIRCLE ( 'NONE', #554, 0.2999999999999999334 ) ;
#912 = FILL_AREA_STYLE ('',( #748 ) ) ;
#913 = VERTEX_POINT ( 'NONE', #867 ) ;
#914 = PRESENTATION_STYLE_ASSIGNMENT (( #342 ) ) ;
#915 =( NAMED_UNIT ( * ) PLANE_ANGLE_UNIT ( ) SI_UNIT ( $, .RADIAN. ) );
#916 = DIRECTION ( 'NONE',  ( -1.000000000000000000, -0.000000000000000000, 0.000000000000000000 ) ) ;
#917 = VECTOR ( 'NONE', #893, 1000.000000000000000 ) ;
#918 = VECTOR ( 'NONE', #283, 1000.000000000000000 ) ;
#919 = CARTESIAN_POINT ( 'NONE',  ( 7.200000000000000178, 2.200000000000000178, -2.200000000000000178 ) ) ;
#920 = EDGE_CURVE ( 'NONE', #567, #1786, #1755, .T. ) ;
#921 = LINE ( 'NONE', #1073, #778 ) ;
#922 = SURFACE_STYLE_USAGE ( .BOTH. , #191 ) ;
#923 = FILL_AREA_STYLE ('',( #56 ) ) ;
#924 = ORIENTED_EDGE ( 'NONE', *, *, #730, .T. ) ;
#925 = CARTESIAN_POINT ( 'NONE',  ( 7.500000000000000000, -2.200000000000000178, 2.200000000000000178 ) ) ;
#926 = SURFACE_SIDE_STYLE ('',( #1524 ) ) ;
#927 = PRESENTATION_STYLE_ASSIGNMENT (( #61 ) ) ;
#928 = EDGE_CURVE ( 'NONE', #1550, #592, #62, .T. ) ;
#929 = DIRECTION ( 'NONE',  ( 1.000000000000000000, -0.000000000000000000, -0.000000000000000000 ) ) ;
#930 = PRESENTATION_STYLE_ASSIGNMENT (( #77 ) ) ;
#931 = COLOUR_RGB ( '',0.8980392156862745390, 0.8980392156862745390, 0.8980392156862745390 ) ;
#932 = DIRECTION ( 'NONE',  ( 0.000000000000000000, 0.000000000000000000, -1.000000000000000000 ) ) ;
#933 = EDGE_LOOP ( 'NONE', ( #587, #1676, #526, #1005 ) ) ;
#934 = SURFACE_STYLE_USAGE ( .BOTH. , #1478 ) ;
#935 = MECHANICAL_DESIGN_GEOMETRIC_PRESENTATION_REPRESENTATION (  '', ( #141 ), #1704 ) ;
#936 = STYLED_ITEM ( 'NONE', ( #1035 ), #944 ) ;
#937 = CARTESIAN_POINT ( 'NONE',  ( 7.500000000000000000, -2.200000000000000178, -2.500000000000000000 ) ) ;
#938 = ORIENTED_EDGE ( 'NONE', *, *, #1093, .T. ) ;
#939 = SPHERICAL_SURFACE ( 'NONE', #297, 0.2999999999999999889 ) ;
#940 = MECHANICAL_DESIGN_GEOMETRIC_PRESENTATION_REPRESENTATION (  '', ( #747 ), #277 ) ;
#941 = DIRECTION ( 'NONE',  ( 1.000000000000000000, 0.000000000000000000, 0.000000000000000000 ) ) ;
#942 = FILL_AREA_STYLE ('',( #619 ) ) ;
#943 =( NAMED_UNIT ( * ) SI_UNIT ( $, .STERADIAN. ) SOLID_ANGLE_UNIT ( ) );
#944 = ADVANCED_FACE ( 'NONE', ( #1448 ), #716, .F. ) ;
#945 = ORIENTED_EDGE ( 'NONE', *, *, #800, .F. ) ;
#946 = STYLED_ITEM ( 'NONE', ( #1325 ), #419 ) ;
#947 = FILL_AREA_STYLE ('',( #1212 ) ) ;
#948 = LINE ( 'NONE', #525, #336 ) ;
#949 = MECHANICAL_DESIGN_GEOMETRIC_PRESENTATION_REPRESENTATION (  '', ( #468 ), #150 ) ;
#950 = VERTEX_POINT ( 'NONE', #28 ) ;
#951 = PRESENTATION_STYLE_ASSIGNMENT (( #1859 ) ) ;
#952 = STYLED_ITEM ( 'NONE', ( #1109 ), #83 ) ;
#953 = DIRECTION ( 'NONE',  ( 0.000000000000000000, 0.000000000000000000, 1.000000000000000000 ) ) ;
#954 = ORIENTED_EDGE ( 'NONE', *, *, #1038, .F. ) ;
#955 = DIRECTION ( 'NONE',  ( -1.000000000000000000, 0.000000000000000000, 0.000000000000000000 ) ) ;
#956 = CARTESIAN_POINT ( 'NONE',  ( 7.200000000000000178, 2.200000000000000178, 2.200000000000000178 ) ) ;
#957 = CYLINDRICAL_SURFACE ( 'NONE', #112, 0.2999999999999999334 ) ;
#958 = EDGE_LOOP ( 'NONE', ( #38, #1821, #1349, #151 ) ) ;
#959 = EDGE_CURVE ( 'NONE', #362, #57, #459, .T. ) ;
#960 = DIRECTION ( 'NONE',  ( 1.000000000000000000, -0.000000000000000000, -0.000000000000000000 ) ) ;
#961 = ORIENTED_EDGE ( 'NONE', *, *, #884, .T. ) ;
#962 = EDGE_LOOP ( 'NONE', ( #785, #1794, #860, #1052, #1295, #201, #1732, #620 ) ) ;
#963 = CARTESIAN_POINT ( 'NONE',  ( 4.700000000000000178, -2.200000000000000178, 2.200000000000000178 ) ) ;
#964 = CARTESIAN_POINT ( 'NONE',  ( 4.700000000000000178, 2.200000000000000178, 2.200000000000000178 ) ) ;
#965 = UNCERTAINTY_MEASURE_WITH_UNIT (LENGTH_MEASURE( 1.000000000000000082E-05 ), #609, 'distance_accuracy_value', 'NONE');
#966 = COLOUR_RGB ( '',0.8980392156862745390, 0.8980392156862745390, 0.8980392156862745390 ) ;
#967 = FACE_OUTER_BOUND ( 'NONE', #49, .T. ) ;
#968 = DIRECTION ( 'NONE',  ( 1.000000000000000000, 0.000000000000000000, 0.000000000000000000 ) ) ;
#969 = ORIENTED_EDGE ( 'NONE', *, *, #195, .F. ) ;
#970 = UNCERTAINTY_MEASURE_WITH_UNIT (LENGTH_MEASURE( 1.000000000000000082E-05 ), #670, 'distance_accuracy_value', 'NONE');
#971 =( LENGTH_UNIT ( ) NAMED_UNIT ( * ) SI_UNIT ( .MILLI., .METRE. ) );
#972 =( GEOMETRIC_REPRESENTATION_CONTEXT ( 3 ) GLOBAL_UNCERTAINTY_ASSIGNED_CONTEXT ( ( #1389 ) ) GLOBAL_UNIT_ASSIGNED_CONTEXT ( ( #383, #234, #562 ) ) REPRESENTATION_CONTEXT ( 'NONE', 'WORKASPACE' ) );
#973 = VECTOR ( 'NONE', #1008, 1000.000000000000000 ) ;
#974 = DIRECTION ( 'NONE',  ( 0.000000000000000000, 0.000000000000000000, -1.000000000000000000 ) ) ;
#975 = LINE ( 'NONE', #1554, #690 ) ;
#976 = LINE ( 'NONE', #519, #1799 ) ;
#977 = CIRCLE ( 'NONE', #207, 0.2999999999999999334 ) ;
#978 = DIRECTION ( 'NONE',  ( 0.000000000000000000, 0.000000000000000000, 1.000000000000000000 ) ) ;
#979 = VERTEX_POINT ( 'NONE', #1879 ) ;
#980 = STYLED_ITEM ( 'NONE', ( #836 ), #591 ) ;
#981 = CARTESIAN_POINT ( 'NONE',  ( -7.200000000000000178, -2.200000000000000178, 2.200000000000000178 ) ) ;
#982 = MECHANICAL_DESIGN_GEOMETRIC_PRESENTATION_REPRESENTATION (  '', ( #729 ), #410 ) ;
#983 = SURFACE_SIDE_STYLE ('',( #1400 ) ) ;
#984 =( NAMED_UNIT ( * ) SI_UNIT ( $, .STERADIAN. ) SOLID_ANGLE_UNIT ( ) );
#985 = MECHANICAL_DESIGN_GEOMETRIC_PRESENTATION_REPRESENTATION (  '', ( #952 ), #1348 ) ;
#986 = ADVANCED_BREP_SHAPE_REPRESENTATION ( '041506.3DRSP', ( #720, #598 ), #843 ) ;
#987 = SURFACE_SIDE_STYLE ('',( #1133 ) ) ;
#988 =( NAMED_UNIT ( * ) SI_UNIT ( $, .STERADIAN. ) SOLID_ANGLE_UNIT ( ) );
#989 = LINE ( 'NONE', #1548, #432 ) ;
#990 = ORIENTED_EDGE ( 'NONE', *, *, #1151, .T. ) ;
#991 = UNCERTAINTY_MEASURE_WITH_UNIT (LENGTH_MEASURE( 1.000000000000000082E-05 ), #1290, 'distance_accuracy_value', 'NONE');
#992 = CARTESIAN_POINT ( 'NONE',  ( -4.700000000000000178, 2.500000000000000000, -2.200000000000000178 ) ) ;
#993 = CARTESIAN_POINT ( 'NONE',  ( 4.700000000000000178, -2.500000000000000000, 2.200000000000000178 ) ) ;
#994 = EDGE_CURVE ( 'NONE', #369, #1745, #1016, .T. ) ;
#995 = CARTESIAN_POINT ( 'NONE',  ( 7.500000000000000000, -2.500000000000000000, 2.200000000000000178 ) ) ;
#996 = CARTESIAN_POINT ( 'NONE',  ( 7.200000000000000178, 2.200000000000000178, -2.200000000000000178 ) ) ;
#997 = ORIENTED_EDGE ( 'NONE', *, *, #1782, .F. ) ;
#998 = VERTEX_POINT ( 'NONE', #603 ) ;
#999 = SURFACE_STYLE_USAGE ( .BOTH. , #1765 ) ;
#1000 = AXIS2_PLACEMENT_3D ( 'NONE', #405, #811, #835 ) ;
#1001 = DIRECTION ( 'NONE',  ( 0.000000000000000000, 0.000000000000000000, 1.000000000000000000 ) ) ;
#1002 = AXIS2_PLACEMENT_3D ( 'NONE', #605, #1627, #1 ) ;
#1003 = CARTESIAN_POINT ( 'NONE',  ( -4.700000000000000178, -2.299999999999999822, 2.200000000000000178 ) ) ;
#1004 = FACE_OUTER_BOUND ( 'NONE', #380, .T. ) ;
#1005 = ORIENTED_EDGE ( 'NONE', *, *, #800, .T. ) ;
#1006 =( GEOMETRIC_REPRESENTATION_CONTEXT ( 3 ) GLOBAL_UNCERTAINTY_ASSIGNED_CONTEXT ( ( #714 ) ) GLOBAL_UNIT_ASSIGNED_CONTEXT ( ( #33, #23, #471 ) ) REPRESENTATION_CONTEXT ( 'NONE', 'WORKASPACE' ) );
#1007 = PRESENTATION_LAYER_ASSIGNMENT (  '', '', ( #1377 ) ) ;
#1008 = DIRECTION ( 'NONE',  ( -0.000000000000000000, -1.000000000000000000, -0.000000000000000000 ) ) ;
#1009 = SURFACE_STYLE_USAGE ( .BOTH. , #1419 ) ;
#1010 = COLOUR_RGB ( '',0.8980392156862745390, 0.8980392156862745390, 0.8980392156862745390 ) ;
#1011 =( NAMED_UNIT ( * ) SI_UNIT ( $, .STERADIAN. ) SOLID_ANGLE_UNIT ( ) );
#1012 = STYLED_ITEM ( 'NONE', ( #1847 ), #250 ) ;
#1013 = VERTEX_POINT ( 'NONE', #594 ) ;
#1014 = ADVANCED_FACE ( 'NONE', ( #159 ), #1171, .T. ) ;
#1015 = ORIENTED_EDGE ( 'NONE', *, *, #1477, .F. ) ;
#1016 = LINE ( 'NONE', #1460, #847 ) ;
#1017 = DIRECTION ( 'NONE',  ( 0.000000000000000000, 0.000000000000000000, -1.000000000000000000 ) ) ;
#1018 =( LENGTH_UNIT ( ) NAMED_UNIT ( * ) SI_UNIT ( .MILLI., .METRE. ) );
#1019 = PRESENTATION_STYLE_ASSIGNMENT (( #1595 ) ) ;
#1020 = PRODUCT_DEFINITION_CONTEXT ( 'detailed design', #1659, 'design' ) ;
#1021 = ORIENTED_EDGE ( 'NONE', *, *, #1185, .T. ) ;
#1022 = UNCERTAINTY_MEASURE_WITH_UNIT (LENGTH_MEASURE( 1.000000000000000082E-05 ), #52, 'distance_accuracy_value', 'NONE');
#1023 = VERTEX_POINT ( 'NONE', #1351 ) ;
#1024 = DIRECTION ( 'NONE',  ( 0.000000000000000000, 1.000000000000000000, -0.000000000000000000 ) ) ;
#1025 = DIRECTION ( 'NONE',  ( 0.000000000000000000, 0.000000000000000000, -1.000000000000000000 ) ) ;
#1026 = PRESENTATION_LAYER_ASSIGNMENT (  '', '', ( #141 ) ) ;
#1027 = AXIS2_PLACEMENT_3D ( 'NONE', #105, #252, #2 ) ;
#1028 = DIRECTION ( 'NONE',  ( -0.000000000000000000, 1.000000000000000000, -0.000000000000000000 ) ) ;
#1029 = ADVANCED_FACE ( 'NONE', ( #793, #1195 ), #1044, .F. ) ;
#1030 = VECTOR ( 'NONE', #176, 1000.000000000000000 ) ;
#1031 = STYLED_ITEM ( 'NONE', ( #1699 ), #862 ) ;
#1032 = ORIENTED_EDGE ( 'NONE', *, *, #1198, .F. ) ;
#1033 = ORIENTED_EDGE ( 'NONE', *, *, #483, .T. ) ;
#1034 = MECHANICAL_DESIGN_GEOMETRIC_PRESENTATION_REPRESENTATION (  '', ( #1613 ), #669 ) ;
#1035 = PRESENTATION_STYLE_ASSIGNMENT (( #1146 ) ) ;
#1036 = PRESENTATION_STYLE_ASSIGNMENT (( #304 ) ) ;
#1037 = PRESENTATION_LAYER_ASSIGNMENT (  '', '', ( #946 ) ) ;
#1038 = EDGE_CURVE ( 'NONE', #1319, #1825, #1213, .T. ) ;
#1039 = DIRECTION ( 'NONE',  ( -0.000000000000000000, -1.000000000000000000, -0.000000000000000000 ) ) ;
#1040 = FILL_AREA_STYLE_COLOUR ( '', #549 ) ;
#1041 = PRESENTATION_STYLE_ASSIGNMENT (( #466 ) ) ;
#1042 =( GEOMETRIC_REPRESENTATION_CONTEXT ( 3 ) GLOBAL_UNCERTAINTY_ASSIGNED_CONTEXT ( ( #244 ) ) GLOBAL_UNIT_ASSIGNED_CONTEXT ( ( #1077, #1230, #219 ) ) REPRESENTATION_CONTEXT ( 'NONE', 'WORKASPACE' ) );
#1043 =( NAMED_UNIT ( * ) SI_UNIT ( $, .STERADIAN. ) SOLID_ANGLE_UNIT ( ) );
#1044 = PLANE ( 'NONE',  #177 ) ;
#1045 = CARTESIAN_POINT ( 'NONE',  ( -4.700000000000000178, -2.299999999999999822, -2.200000000000000178 ) ) ;
#1046 = CARTESIAN_POINT ( 'NONE',  ( -7.500000000000000000, 2.200000000000000178, -2.200000000000000178 ) ) ;
#1047 = CARTESIAN_POINT ( 'NONE',  ( -4.699999999999999289, 2.200000000000000178, -2.500000000000000000 ) ) ;
#1048 = ADVANCED_FACE ( 'NONE', ( #1360 ), #1797, .T. ) ;
#1049 = CYLINDRICAL_SURFACE ( 'NONE', #1796, 0.2999999999999999334 ) ;
#1050 =( NAMED_UNIT ( * ) SI_UNIT ( $, .STERADIAN. ) SOLID_ANGLE_UNIT ( ) );
#1051 = ORIENTED_EDGE ( 'NONE', *, *, #651, .F. ) ;
#1052 = ORIENTED_EDGE ( 'NONE', *, *, #1078, .T. ) ;
#1053 = DIRECTION ( 'NONE',  ( 0.000000000000000000, 0.000000000000000000, -1.000000000000000000 ) ) ;
#1054 =( NAMED_UNIT ( * ) SI_UNIT ( $, .STERADIAN. ) SOLID_ANGLE_UNIT ( ) );
#1055 = SURFACE_SIDE_STYLE ('',( #442 ) ) ;
#1056 = MECHANICAL_DESIGN_GEOMETRIC_PRESENTATION_REPRESENTATION (  '', ( #325 ), #1236 ) ;
#1057 = SURFACE_SIDE_STYLE ('',( #35 ) ) ;
#1058 = MECHANICAL_DESIGN_GEOMETRIC_PRESENTATION_REPRESENTATION (  '', ( #1727 ), #1147 ) ;
#1059 = SURFACE_STYLE_USAGE ( .BOTH. , #1622 ) ;
#1060 = ORIENTED_EDGE ( 'NONE', *, *, #618, .F. ) ;
#1061 = CIRCLE ( 'NONE', #1308, 0.2999999999999999334 ) ;
#1062 = ORIENTED_EDGE ( 'NONE', *, *, #538, .F. ) ;
#1063 =( LENGTH_UNIT ( ) NAMED_UNIT ( * ) SI_UNIT ( .MILLI., .METRE. ) );
#1064 = AXIS2_PLACEMENT_3D ( 'NONE', #1848, #1678, #968 ) ;
#1065 = CARTESIAN_POINT ( 'NONE',  ( 7.500000000000000000, 0.000000000000000000, -2.200000000000000178 ) ) ;
#1066 = ORIENTED_EDGE ( 'NONE', *, *, #802, .T. ) ;
#1067 = DIRECTION ( 'NONE',  ( 1.000000000000000000, -0.000000000000000000, -0.000000000000000000 ) ) ;
#1068 = AXIS2_PLACEMENT_3D ( 'NONE', #925, #485, #1507 ) ;
#1069 = SURFACE_STYLE_FILL_AREA ( #923 ) ;
#1070 = ORIENTED_EDGE ( 'NONE', *, *, #1130, .T. ) ;
#1071 = EDGE_CURVE ( 'NONE', #1839, #89, #1409, .T. ) ;
#1072 = LINE ( 'NONE', #1490, #1207 ) ;
#1073 = CARTESIAN_POINT ( 'NONE',  ( 7.500000000000000000, 2.500000000000000000, 2.200000000000000178 ) ) ;
#1074 = PRESENTATION_STYLE_ASSIGNMENT (( #922 ) ) ;
#1075 = EDGE_LOOP ( 'NONE', ( #600, #181, #1410, #896 ) ) ;
#1076 = UNCERTAINTY_MEASURE_WITH_UNIT (LENGTH_MEASURE( 1.000000000000000082E-05 ), #1063, 'distance_accuracy_value', 'NONE');
#1077 =( LENGTH_UNIT ( ) NAMED_UNIT ( * ) SI_UNIT ( .MILLI., .METRE. ) );
#1078 = EDGE_CURVE ( 'NONE', #1580, #913, #989, .T. ) ;
#1079 = DIRECTION ( 'NONE',  ( 1.000000000000000000, -0.000000000000000000, -0.000000000000000000 ) ) ;
#1080 = EDGE_CURVE ( 'NONE', #998, #567, #548, .T. ) ;
#1081 = CARTESIAN_POINT ( 'NONE',  ( -4.700000000000000178, 2.200000000000000178, -2.200000000000000178 ) ) ;
#1082 = PLANE ( 'NONE',  #343 ) ;
#1083 = MECHANICAL_DESIGN_GEOMETRIC_PRESENTATION_REPRESENTATION (  '', ( #569 ), #1545 ) ;
#1084 =( NAMED_UNIT ( * ) PLANE_ANGLE_UNIT ( ) SI_UNIT ( $, .RADIAN. ) );
#1085 = ORIENTED_EDGE ( 'NONE', *, *, #195, .T. ) ;
#1086 = LINE ( 'NONE', #1823, #1132 ) ;
#1087 = DIRECTION ( 'NONE',  ( -0.000000000000000000, -1.000000000000000000, -0.000000000000000000 ) ) ;
#1088 = AXIS2_PLACEMENT_3D ( 'NONE', #680, #653, #667 ) ;
#1089 = PRESENTATION_LAYER_ASSIGNMENT (  '', '', ( #936 ) ) ;
#1090 = ORIENTED_EDGE ( 'NONE', *, *, #1185, .F. ) ;
#1091 = SPHERICAL_SURFACE ( 'NONE', #545, 0.2999999999999999889 ) ;
#1092 = CARTESIAN_POINT ( 'NONE',  ( -7.200000000000000178, -2.500000000000000000, -2.200000000000000178 ) ) ;
#1093 = EDGE_CURVE ( 'NONE', #1094, #892, #1485, .T. ) ;
#1094 = VERTEX_POINT ( 'NONE', #102 ) ;
#1095 = DIRECTION ( 'NONE',  ( 0.000000000000000000, 0.000000000000000000, 1.000000000000000000 ) ) ;
#1096 = DIRECTION ( 'NONE',  ( -1.000000000000000000, 0.000000000000000000, 0.000000000000000000 ) ) ;
#1097 = VERTEX_POINT ( 'NONE', #1125 ) ;
#1098 = SURFACE_SIDE_STYLE ('',( #247 ) ) ;
#1099 = ORIENTED_EDGE ( 'NONE', *, *, #4, .F. ) ;
#1100 = STYLED_ITEM ( 'NONE', ( #1041 ), #262 ) ;
#1101 = SURFACE_STYLE_USAGE ( .BOTH. , #854 ) ;
#1102 = CARTESIAN_POINT ( 'NONE',  ( -7.200000000000000178, -2.200000000000000178, -2.500000000000000000 ) ) ;
#1103 = CARTESIAN_POINT ( 'NONE',  ( 7.200000000000000178, -2.500000000000000000, -2.200000000000000178 ) ) ;
#1104 = SURFACE_STYLE_FILL_AREA ( #531 ) ;
#1105 = EDGE_CURVE ( 'NONE', #57, #1839, #907, .T. ) ;
#1106 = EDGE_LOOP ( 'NONE', ( #1518, #430, #506, #721 ) ) ;
#1107 = DIRECTION ( 'NONE',  ( 0.000000000000000000, 0.000000000000000000, -1.000000000000000000 ) ) ;
#1108 = ORIENTED_EDGE ( 'NONE', *, *, #1151, .F. ) ;
#1109 = PRESENTATION_STYLE_ASSIGNMENT (( #659 ) ) ;
#1110 = FACE_OUTER_BOUND ( 'NONE', #715, .T. ) ;
#1111 = PLANE ( 'NONE',  #333 ) ;
#1112 = FACE_OUTER_BOUND ( 'NONE', #235, .T. ) ;
#1113 =( LENGTH_UNIT ( ) NAMED_UNIT ( * ) SI_UNIT ( .MILLI., .METRE. ) );
#1114 = AXIS2_PLACEMENT_3D ( 'NONE', #518, #85, #212 ) ;
#1115 = DIRECTION ( 'NONE',  ( 1.000000000000000000, 0.000000000000000000, -0.000000000000000000 ) ) ;
#1116 = ORIENTED_EDGE ( 'NONE', *, *, #586, .T. ) ;
#1117 = EDGE_CURVE ( 'NONE', #592, #1849, #241, .T. ) ;
#1118 = UNCERTAINTY_MEASURE_WITH_UNIT (LENGTH_MEASURE( 1.000000000000000082E-05 ), #396, 'distance_accuracy_value', 'NONE');
#1119 = AXIS2_PLACEMENT_3D ( 'NONE', #1156, #1470, #1025 ) ;
#1120 = LINE ( 'NONE', #689, #142 ) ;
#1121 = STYLED_ITEM ( 'NONE', ( #889 ), #720 ) ;
#1122 = CARTESIAN_POINT ( 'NONE',  ( 4.700000000000000178, 2.299999999999999822, 2.200000000000000178 ) ) ;
#1123 = LINE ( 'NONE', #114, #270 ) ;
#1124 = AXIS2_PLACEMENT_3D ( 'NONE', #1560, #697, #1813 ) ;
#1125 = CARTESIAN_POINT ( 'NONE',  ( 4.700000000000000178, 2.200000000000000178, 2.500000000000000000 ) ) ;
#1126 = ORIENTED_EDGE ( 'NONE', *, *, #1522, .T. ) ;
#1127 = AXIS2_PLACEMENT_3D ( 'NONE', #759, #910, #1801 ) ;
#1128 = FACE_OUTER_BOUND ( 'NONE', #121, .T. ) ;
#1129 = MECHANICAL_DESIGN_GEOMETRIC_PRESENTATION_REPRESENTATION (  '', ( #556 ), #1190 ) ;
#1130 = EDGE_CURVE ( 'NONE', #1682, #1475, #1256, .T. ) ;
#1131 = CARTESIAN_POINT ( 'NONE',  ( 7.500000000000000000, -2.200000000000000178, 2.500000000000000000 ) ) ;
#1132 = VECTOR ( 'NONE', #1095, 1000.000000000000000 ) ;
#1133 = SURFACE_STYLE_FILL_AREA ( #127 ) ;
#1134 = CARTESIAN_POINT ( 'NONE',  ( -7.200000000000000178, -2.200000000000000178, -2.200000000000000178 ) ) ;
#1135 = LINE ( 'NONE', #1721, #1372 ) ;
#1136 = ORIENTED_EDGE ( 'NONE', *, *, #1080, .F. ) ;
#1137 = SURFACE_STYLE_FILL_AREA ( #1258 ) ;
#1138 = DIRECTION ( 'NONE',  ( -1.000000000000000000, -0.000000000000000000, 0.000000000000000000 ) ) ;
#1139 = EDGE_CURVE ( 'NONE', #291, #1023, #821, .T. ) ;
#1140 = FILL_AREA_STYLE ('',( #702 ) ) ;
#1141 = FILL_AREA_STYLE_COLOUR ( '', #1749 ) ;
#1142 = SPHERICAL_SURFACE ( 'NONE', #734, 0.2999999999999999889 ) ;
#1143 = ORIENTED_EDGE ( 'NONE', *, *, #1502, .F. ) ;
#1144 = AXIS2_PLACEMENT_3D ( 'NONE', #1376, #786, #355 ) ;
#1145 = ORIENTED_EDGE ( 'NONE', *, *, #1619, .F. ) ;
#1146 = SURFACE_STYLE_USAGE ( .BOTH. , #1313 ) ;
#1147 =( GEOMETRIC_REPRESENTATION_CONTEXT ( 3 ) GLOBAL_UNCERTAINTY_ASSIGNED_CONTEXT ( ( #318 ) ) GLOBAL_UNIT_ASSIGNED_CONTEXT ( ( #745, #1602, #34 ) ) REPRESENTATION_CONTEXT ( 'NONE', 'WORKASPACE' ) );
#1148 = CIRCLE ( 'NONE', #1607, 0.2999999999999999334 ) ;
#1149 = CYLINDRICAL_SURFACE ( 'NONE', #1027, 0.2999999999999999334 ) ;
#1150 = SURFACE_STYLE_FILL_AREA ( #1855 ) ;
#1151 = EDGE_CURVE ( 'NONE', #503, #311, #948, .T. ) ;
#1152 = CIRCLE ( 'NONE', #1645, 0.2999999999999999334 ) ;
#1153 = SURFACE_STYLE_USAGE ( .BOTH. , #1714 ) ;
#1154 = AXIS2_PLACEMENT_3D ( 'NONE', #494, #901, #1208 ) ;
#1155 = EDGE_LOOP ( 'NONE', ( #95, #78, #534, #372 ) ) ;
#1156 = CARTESIAN_POINT ( 'NONE',  ( -4.700000000000000178, 2.200000000000000178, -2.200000000000000178 ) ) ;
#1157 = VECTOR ( 'NONE', #1067, 1000.000000000000000 ) ;
#1158 =( NAMED_UNIT ( * ) PLANE_ANGLE_UNIT ( ) SI_UNIT ( $, .RADIAN. ) );
#1159 = FILL_AREA_STYLE_COLOUR ( '', #1173 ) ;
#1160 = CLOSED_SHELL ( 'NONE', ( #642, #1488, #406, #944, #391, #827, #862, #1326, #306, #1209, #591, #1287, #1718, #1298, #132, #1552, #55, #250, #1029, #419, #366, #317, #473, #1342, #679, #1833, #1846, #29, #1388, #65, #107, #1247, #881, #1669, #742, #1867, #1014, #1048, #83, #1537, #232, #1746, #496, #262 ) ) ;
#1161 = MECHANICAL_DESIGN_GEOMETRIC_PRESENTATION_REPRESENTATION (  '', ( #1012 ), #46 ) ;
#1162 = EDGE_CURVE ( 'NONE', #1682, #1577, #977, .T. ) ;
#1163 = ORIENTED_EDGE ( 'NONE', *, *, #959, .T. ) ;
#1164 = ORIENTED_EDGE ( 'NONE', *, *, #1380, .T. ) ;
#1165 =( NAMED_UNIT ( * ) PLANE_ANGLE_UNIT ( ) SI_UNIT ( $, .RADIAN. ) );
#1166 = FILL_AREA_STYLE ('',( #153 ) ) ;
#1167 =( NAMED_UNIT ( * ) PLANE_ANGLE_UNIT ( ) SI_UNIT ( $, .RADIAN. ) );
#1168 = ORIENTED_EDGE ( 'NONE', *, *, #1695, .F. ) ;
#1169 = UNCERTAINTY_MEASURE_WITH_UNIT (LENGTH_MEASURE( 1.000000000000000082E-05 ), #1788, 'distance_accuracy_value', 'NONE');
#1170 = ORIENTED_EDGE ( 'NONE', *, *, #286, .T. ) ;
#1171 = CYLINDRICAL_SURFACE ( 'NONE', #848, 0.2999999999999999334 ) ;
#1172 = COLOUR_RGB ( '',0.8980392156862745390, 0.8980392156862745390, 0.8980392156862745390 ) ;
#1173 = COLOUR_RGB ( '',0.6666666666666666297, 0.6980392156862744724, 0.7686274509803920907 ) ;
#1174 =( LENGTH_UNIT ( ) NAMED_UNIT ( * ) SI_UNIT ( .MILLI., .METRE. ) );
#1175 = CARTESIAN_POINT ( 'NONE',  ( 4.700000000000000178, 2.200000000000000178, -2.299999999999999822 ) ) ;
#1176 = AXIS2_PLACEMENT_3D ( 'NONE', #10, #1459, #40 ) ;
#1177 = VECTOR ( 'NONE', #411, 1000.000000000000000 ) ;
#1178 =( NAMED_UNIT ( * ) SI_UNIT ( $, .STERADIAN. ) SOLID_ANGLE_UNIT ( ) );
#1179 = CYLINDRICAL_SURFACE ( 'NONE', #1250, 0.2999999999999999334 ) ;
#1180 = FACE_OUTER_BOUND ( 'NONE', #1541, .T. ) ;
#1181 = EDGE_LOOP ( 'NONE', ( #522, #713, #1536, #812 ) ) ;
#1182 = ORIENTED_EDGE ( 'NONE', *, *, #187, .F. ) ;
#1183 = MECHANICAL_DESIGN_GEOMETRIC_PRESENTATION_REPRESENTATION (  '', ( #242 ), #1454 ) ;
#1184 = CARTESIAN_POINT ( 'NONE',  ( 7.500000000000000000, -2.500000000000000000, 2.500000000000000000 ) ) ;
#1185 = EDGE_CURVE ( 'NONE', #826, #1361, #1152, .T. ) ;
#1186 = SURFACE_STYLE_FILL_AREA ( #32 ) ;
#1187 = DIRECTION ( 'NONE',  ( 0.000000000000000000, 0.000000000000000000, 1.000000000000000000 ) ) ;
#1188 = SURFACE_STYLE_FILL_AREA ( #1744 ) ;
#1189 = COLOUR_RGB ( '',0.8980392156862745390, 0.8980392156862745390, 0.8980392156862745390 ) ;
#1190 =( GEOMETRIC_REPRESENTATION_CONTEXT ( 3 ) GLOBAL_UNCERTAINTY_ASSIGNED_CONTEXT ( ( #1118 ) ) GLOBAL_UNIT_ASSIGNED_CONTEXT ( ( #396, #612, #771 ) ) REPRESENTATION_CONTEXT ( 'NONE', 'WORKASPACE' ) );
#1191 = PRESENTATION_STYLE_ASSIGNMENT (( #770 ) ) ;
#1192 = COLOUR_RGB ( '',0.8980392156862745390, 0.8980392156862745390, 0.8980392156862745390 ) ;
#1193 = ORIENTED_EDGE ( 'NONE', *, *, #994, .T. ) ;
#1194 = LINE ( 'NONE', #1648, #412 ) ;
#1195 = FACE_OUTER_BOUND ( 'NONE', #329, .T. ) ;
#1196 = DIRECTION ( 'NONE',  ( 0.000000000000000000, 1.000000000000000000, -0.000000000000000000 ) ) ;
#1197 = CARTESIAN_POINT ( 'NONE',  ( -4.700000000000000178, -2.200000000000000178, 2.200000000000000178 ) ) ;
#1198 = EDGE_CURVE ( 'NONE', #1842, #1708, #3, .T. ) ;
#1199 =( NAMED_UNIT ( * ) PLANE_ANGLE_UNIT ( ) SI_UNIT ( $, .RADIAN. ) );
#1200 =( NAMED_UNIT ( * ) SI_UNIT ( $, .STERADIAN. ) SOLID_ANGLE_UNIT ( ) );
#1201 = ORIENTED_EDGE ( 'NONE', *, *, #708, .F. ) ;
#1202 = CYLINDRICAL_SURFACE ( 'NONE', #1068, 0.2999999999999999334 ) ;
#1203 = SURFACE_STYLE_FILL_AREA ( #193 ) ;
#1204 = MECHANICAL_DESIGN_GEOMETRIC_PRESENTATION_REPRESENTATION (  '', ( #1273 ), #1423 ) ;
#1205 = CARTESIAN_POINT ( 'NONE',  ( 4.700000000000000178, 2.299999999999999822, 2.200000000000000178 ) ) ;
#1206 = CARTESIAN_POINT ( 'NONE',  ( -4.700000000000000178, 2.200000000000000178, -2.299999999999999822 ) ) ;
#1207 = VECTOR ( 'NONE', #1681, 1000.000000000000000 ) ;
#1208 = DIRECTION ( 'NONE',  ( 0.000000000000000000, 0.000000000000000000, -1.000000000000000000 ) ) ;
#1209 = ADVANCED_FACE ( 'NONE', ( #389 ), #1715, .T. ) ;
#1210 = ORIENTED_EDGE ( 'NONE', *, *, #905, .F. ) ;
#1211 = VECTOR ( 'NONE', #505, 1000.000000000000000 ) ;
#1212 = FILL_AREA_STYLE_COLOUR ( '', #1382 ) ;
#1213 = LINE ( 'NONE', #1664, #36 ) ;
#1214 = PRESENTATION_LAYER_ASSIGNMENT (  '', '', ( #148 ) ) ;
#1215 = SURFACE_SIDE_STYLE ('',( #1779 ) ) ;
#1216 = ORIENTED_EDGE ( 'NONE', *, *, #1354, .T. ) ;
#1217 = FILL_AREA_STYLE ('',( #1249 ) ) ;
#1218 = PLANE ( 'NONE',  #373 ) ;
#1219 = AXIS2_PLACEMENT_3D ( 'NONE', #788, #941, #1831 ) ;
#1220 = FILL_AREA_STYLE ('',( #510 ) ) ;
#1221 = EDGE_CURVE ( 'NONE', #1740, #550, #370, .T. ) ;
#1222 = DIRECTION ( 'NONE',  ( 0.000000000000000000, -0.000000000000000000, 1.000000000000000000 ) ) ;
#1223 = FILL_AREA_STYLE ('',( #631 ) ) ;
#1224 =( NAMED_UNIT ( * ) PLANE_ANGLE_UNIT ( ) SI_UNIT ( $, .RADIAN. ) );
#1225 = VERTEX_POINT ( 'NONE', #420 ) ;
#1226 = CARTESIAN_POINT ( 'NONE',  ( -7.200000000000000178, -2.200000000000000178, 2.200000000000000178 ) ) ;
#1227 = FILL_AREA_STYLE_COLOUR ( '', #1766 ) ;
#1228 = CYLINDRICAL_SURFACE ( 'NONE', #1088, 0.09999999999999982514 ) ;
#1229 = EDGE_LOOP ( 'NONE', ( #197, #886, #1257, #1775 ) ) ;
#1230 =( NAMED_UNIT ( * ) PLANE_ANGLE_UNIT ( ) SI_UNIT ( $, .RADIAN. ) );
#1231 = CARTESIAN_POINT ( 'NONE',  ( 4.700000000000000178, -2.500000000000000000, -2.200000000000000178 ) ) ;
#1232 = EDGE_CURVE ( 'NONE', #392, #369, #1135, .T. ) ;
#1233 = DIRECTION ( 'NONE',  ( 1.000000000000000000, 0.000000000000000000, 0.000000000000000000 ) ) ;
#1234 = CARTESIAN_POINT ( 'NONE',  ( 7.500000000000000000, 2.200000000000000178, 2.200000000000000178 ) ) ;
#1235 = AXIS2_PLACEMENT_3D ( 'NONE', #1272, #271, #1720 ) ;
#1236 =( GEOMETRIC_REPRESENTATION_CONTEXT ( 3 ) GLOBAL_UNCERTAINTY_ASSIGNED_CONTEXT ( ( #1652 ) ) GLOBAL_UNIT_ASSIGNED_CONTEXT ( ( #829, #269, #984 ) ) REPRESENTATION_CONTEXT ( 'NONE', 'WORKASPACE' ) );
#1237 = PRESENTATION_STYLE_ASSIGNMENT (( #1703 ) ) ;
#1238 = VERTEX_POINT ( 'NONE', #1864 ) ;
#1239 = CIRCLE ( 'NONE', #1730, 0.2999999999999999334 ) ;
#1240 = CARTESIAN_POINT ( 'NONE',  ( 7.200000000000000178, 0.000000000000000000, 2.200000000000000178 ) ) ;
#1241 = DIRECTION ( 'NONE',  ( 1.000000000000000000, 0.000000000000000000, -0.000000000000000000 ) ) ;
#1242 = ORIENTED_EDGE ( 'NONE', *, *, #651, .T. ) ;
#1243 = FACE_OUTER_BOUND ( 'NONE', #780, .T. ) ;
#1244 = DIRECTION ( 'NONE',  ( 0.000000000000000000, 0.000000000000000000, 1.000000000000000000 ) ) ;
#1245 = ORIENTED_EDGE ( 'NONE', *, *, #450, .T. ) ;
#1246 = VECTOR ( 'NONE', #1276, 1000.000000000000000 ) ;
#1247 = ADVANCED_FACE ( 'NONE', ( #560 ), #1049, .T. ) ;
#1248 =( LENGTH_UNIT ( ) NAMED_UNIT ( * ) SI_UNIT ( .MILLI., .METRE. ) );
#1249 = FILL_AREA_STYLE_COLOUR ( '', #1480 ) ;
#1250 = AXIS2_PLACEMENT_3D ( 'NONE', #502, #1265, #1687 ) ;
#1251 = SURFACE_STYLE_USAGE ( .BOTH. , #665 ) ;
#1252 = LINE ( 'NONE', #1546, #395 ) ;
#1253 = ORIENTED_EDGE ( 'NONE', *, *, #43, .F. ) ;
#1254 = UNCERTAINTY_MEASURE_WITH_UNIT (LENGTH_MEASURE( 1.000000000000000082E-05 ), #227, 'distance_accuracy_value', 'NONE');
#1255 = CYLINDRICAL_SURFACE ( 'NONE', #73, 0.2999999999999999334 ) ;
#1256 = LINE ( 'NONE', #1838, #91 ) ;
#1257 = ORIENTED_EDGE ( 'NONE', *, *, #891, .F. ) ;
#1258 = FILL_AREA_STYLE ('',( #809 ) ) ;
#1259 = STYLED_ITEM ( 'NONE', ( #229 ), #132 ) ;
#1260 = ORIENTED_EDGE ( 'NONE', *, *, #1608, .F. ) ;
#1261 = VECTOR ( 'NONE', #850, 1000.000000000000000 ) ;
#1262 = LINE ( 'NONE', #1843, #128 ) ;
#1263 = CARTESIAN_POINT ( 'NONE',  ( -4.700000000000000178, -2.200000000000000178, 2.200000000000000178 ) ) ;
#1264 = FILL_AREA_STYLE ('',( #1227 ) ) ;
#1265 = DIRECTION ( 'NONE',  ( 0.000000000000000000, -1.000000000000000000, 0.000000000000000000 ) ) ;
#1266 = EDGE_CURVE ( 'NONE', #1808, #1580, #851, .T. ) ;
#1267 = FILL_AREA_STYLE_COLOUR ( '', #1440 ) ;
#1268 = FILL_AREA_STYLE ('',( #220 ) ) ;
#1269 = DIRECTION ( 'NONE',  ( 0.000000000000000000, 0.000000000000000000, 1.000000000000000000 ) ) ;
#1270 = FILL_AREA_STYLE ('',( #1551 ) ) ;
#1271 = LINE ( 'NONE', #583, #199 ) ;
#1272 = CARTESIAN_POINT ( 'NONE',  ( 7.200000000000000178, 0.000000000000000000, -2.200000000000000178 ) ) ;
#1273 = STYLED_ITEM ( 'NONE', ( #1618 ), #1833 ) ;
#1274 = EDGE_CURVE ( 'NONE', #1577, #1835, #1784, .T. ) ;
#1275 = LINE ( 'NONE', #1858, #918 ) ;
#1276 = DIRECTION ( 'NONE',  ( -0.000000000000000000, 1.000000000000000000, -0.000000000000000000 ) ) ;
#1277 = ORIENTED_EDGE ( 'NONE', *, *, #1567, .T. ) ;
#1278 = UNCERTAINTY_MEASURE_WITH_UNIT (LENGTH_MEASURE( 1.000000000000000082E-05 ), #1291, 'distance_accuracy_value', 'NONE');
#1279 = DIRECTION ( 'NONE',  ( -1.000000000000000000, -0.000000000000000000, 0.000000000000000000 ) ) ;
#1280 = MECHANICAL_DESIGN_GEOMETRIC_PRESENTATION_REPRESENTATION (  '', ( #1031 ), #1428 ) ;
#1281 = LINE ( 'NONE', #1591, #694 ) ;
#1282 =( NAMED_UNIT ( * ) SI_UNIT ( $, .STERADIAN. ) SOLID_ANGLE_UNIT ( ) );
#1283 = AXIS2_PLACEMENT_3D ( 'NONE', #360, #1515, #469 ) ;
#1284 = FILL_AREA_STYLE_COLOUR ( '', #544 ) ;
#1285 = DIRECTION ( 'NONE',  ( 0.000000000000000000, 0.000000000000000000, 1.000000000000000000 ) ) ;
#1286 = VERTEX_POINT ( 'NONE', #476 ) ;
#1287 = ADVANCED_FACE ( 'NONE', ( #310 ), #192, .T. ) ;
#1288 = STYLED_ITEM ( 'NONE', ( #1074 ), #473 ) ;
#1289 =( NAMED_UNIT ( * ) SI_UNIT ( $, .STERADIAN. ) SOLID_ANGLE_UNIT ( ) );
#1290 =( LENGTH_UNIT ( ) NAMED_UNIT ( * ) SI_UNIT ( .MILLI., .METRE. ) );
#1291 =( LENGTH_UNIT ( ) NAMED_UNIT ( * ) SI_UNIT ( .MILLI., .METRE. ) );
#1292 = DIRECTION ( 'NONE',  ( -0.000000000000000000, -0.000000000000000000, -1.000000000000000000 ) ) ;
#1293 = CARTESIAN_POINT ( 'NONE',  ( -4.700000000000000178, 2.299999999999999822, -2.200000000000000178 ) ) ;
#1294 =( LENGTH_UNIT ( ) NAMED_UNIT ( * ) SI_UNIT ( .MILLI., .METRE. ) );
#1295 = ORIENTED_EDGE ( 'NONE', *, *, #754, .T. ) ;
#1296 = ORIENTED_EDGE ( 'NONE', *, *, #1221, .F. ) ;
#1297 = FILL_AREA_STYLE ('',( #743 ) ) ;
#1298 = ADVANCED_FACE ( 'NONE', ( #164 ), #1179, .T. ) ;
#1299 = DIRECTION ( 'NONE',  ( 0.000000000000000000, -0.000000000000000000, -1.000000000000000000 ) ) ;
#1300 =( NAMED_UNIT ( * ) PLANE_ANGLE_UNIT ( ) SI_UNIT ( $, .RADIAN. ) );
#1301 = CYLINDRICAL_SURFACE ( 'NONE', #1235, 0.2999999999999999334 ) ;
#1302 =( NAMED_UNIT ( * ) PLANE_ANGLE_UNIT ( ) SI_UNIT ( $, .RADIAN. ) );
#1303 = ORIENTED_EDGE ( 'NONE', *, *, #891, .T. ) ;
#1304 = ORIENTED_EDGE ( 'NONE', *, *, #1421, .T. ) ;
#1305 = DIRECTION ( 'NONE',  ( -0.000000000000000000, 1.000000000000000000, 0.000000000000000000 ) ) ;
#1306 = CIRCLE ( 'NONE', #1176, 0.2999999999999999334 ) ;
#1307 = DIRECTION ( 'NONE',  ( 1.000000000000000000, 0.000000000000000000, -0.000000000000000000 ) ) ;
#1308 = AXIS2_PLACEMENT_3D ( 'NONE', #870, #1593, #1451 ) ;
#1309 = PRESENTATION_LAYER_ASSIGNMENT (  '', '', ( #1516 ) ) ;
#1310 = ORIENTED_EDGE ( 'NONE', *, *, #1071, .F. ) ;
#1311 = ORIENTED_EDGE ( 'NONE', *, *, #43, .T. ) ;
#1312 =( NAMED_UNIT ( * ) PLANE_ANGLE_UNIT ( ) SI_UNIT ( $, .RADIAN. ) );
#1313 = SURFACE_SIDE_STYLE ('',( #278 ) ) ;
#1314 =( GEOMETRIC_REPRESENTATION_CONTEXT ( 3 ) GLOBAL_UNCERTAINTY_ASSIGNED_CONTEXT ( ( #1731 ) ) GLOBAL_UNIT_ASSIGNED_CONTEXT ( ( #1338, #182, #1505 ) ) REPRESENTATION_CONTEXT ( 'NONE', 'WORKASPACE' ) );
#1315 = FILL_AREA_STYLE_COLOUR ( '', #488 ) ;
#1316 = STYLED_ITEM ( 'NONE', ( #1805 ), #107 ) ;
#1317 = SURFACE_STYLE_USAGE ( .BOTH. , #1057 ) ;
#1318 = ORIENTED_EDGE ( 'NONE', *, *, #920, .T. ) ;
#1319 = VERTEX_POINT ( 'NONE', #1820 ) ;
#1320 = PRODUCT_DEFINITION_SHAPE ( 'NONE', 'NONE',  #551 ) ;
#1321 = CARTESIAN_POINT ( 'NONE',  ( -7.200000000000000178, 2.200000000000000178, 2.500000000000000000 ) ) ;
#1322 = DIRECTION ( 'NONE',  ( 1.000000000000000000, 0.000000000000000000, -0.000000000000000000 ) ) ;
#1323 =( LENGTH_UNIT ( ) NAMED_UNIT ( * ) SI_UNIT ( .MILLI., .METRE. ) );
#1324 = EDGE_LOOP ( 'NONE', ( #1716, #1136, #1697, #1870 ) ) ;
#1325 = PRESENTATION_STYLE_ASSIGNMENT (( #1251 ) ) ;
#1326 = ADVANCED_FACE ( 'NONE', ( #1661 ), #957, .T. ) ;
#1327 = ORIENTED_EDGE ( 'NONE', *, *, #1354, .F. ) ;
#1328 = DIRECTION ( 'NONE',  ( 1.000000000000000000, 0.000000000000000000, 0.000000000000000000 ) ) ;
#1329 = SURFACE_STYLE_FILL_AREA ( #1297 ) ;
#1330 = MECHANICAL_DESIGN_GEOMETRIC_PRESENTATION_REPRESENTATION (  '', ( #267 ), #1334 ) ;
#1331 =( NAMED_UNIT ( * ) SI_UNIT ( $, .STERADIAN. ) SOLID_ANGLE_UNIT ( ) );
#1332 = PRESENTATION_STYLE_ASSIGNMENT (( #1610 ) ) ;
#1333 = DIRECTION ( 'NONE',  ( -0.000000000000000000, 1.000000000000000000, -0.000000000000000000 ) ) ;
#1334 =( GEOMETRIC_REPRESENTATION_CONTEXT ( 3 ) GLOBAL_UNCERTAINTY_ASSIGNED_CONTEXT ( ( #533 ) ) GLOBAL_UNIT_ASSIGNED_CONTEXT ( ( #1420, #296, #1011 ) ) REPRESENTATION_CONTEXT ( 'NONE', 'WORKASPACE' ) );
#1335 = CARTESIAN_POINT ( 'NONE',  ( 7.500000000000000000, 2.200000000000000178, 2.200000000000000178 ) ) ;
#1336 = SURFACE_SIDE_STYLE ('',( #445 ) ) ;
#1337 = VECTOR ( 'NONE', #960, 1000.000000000000000 ) ;
#1338 =( LENGTH_UNIT ( ) NAMED_UNIT ( * ) SI_UNIT ( .MILLI., .METRE. ) );
#1339 = LINE ( 'NONE', #613, #917 ) ;
#1340 = CARTESIAN_POINT ( 'NONE',  ( 7.200000000000000178, 2.200000000000000178, -2.200000000000000178 ) ) ;
#1341 = CARTESIAN_POINT ( 'NONE',  ( 7.500000000000000000, -2.200000000000000178, -2.200000000000000178 ) ) ;
#1342 = ADVANCED_FACE ( 'NONE', ( #1693 ), #1228, .T. ) ;
#1343 = SURFACE_SIDE_STYLE ('',( #755 ) ) ;
#1344 =( NAMED_UNIT ( * ) PLANE_ANGLE_UNIT ( ) SI_UNIT ( $, .RADIAN. ) );
#1345 = DIRECTION ( 'NONE',  ( 0.000000000000000000, -0.000000000000000000, 1.000000000000000000 ) ) ;
#1346 = CIRCLE ( 'NONE', #1649, 0.2999999999999999334 ) ;
#1347 =( NAMED_UNIT ( * ) SI_UNIT ( $, .STERADIAN. ) SOLID_ANGLE_UNIT ( ) );
#1348 =( GEOMETRIC_REPRESENTATION_CONTEXT ( 3 ) GLOBAL_UNCERTAINTY_ASSIGNED_CONTEXT ( ( #970 ) ) GLOBAL_UNIT_ASSIGNED_CONTEXT ( ( #670, #643, #781 ) ) REPRESENTATION_CONTEXT ( 'NONE', 'WORKASPACE' ) );
#1349 = ORIENTED_EDGE ( 'NONE', *, *, #1806, .T. ) ;
#1350 = SURFACE_STYLE_FILL_AREA ( #763 ) ;
#1351 = CARTESIAN_POINT ( 'NONE',  ( -7.200000000000000178, -2.200000000000000178, 2.500000000000000000 ) ) ;
#1352 = LINE ( 'NONE', #937, #487 ) ;
#1353 = CARTESIAN_POINT ( 'NONE',  ( 7.200000000000000178, -2.200000000000000178, 2.500000000000000000 ) ) ;
#1354 = EDGE_CURVE ( 'NONE', #327, #1361, #1252, .T. ) ;
#1355 = FILL_AREA_STYLE_COLOUR ( '', #1172 ) ;
#1356 = LINE ( 'NONE', #1792, #674 ) ;
#1357 = DIRECTION ( 'NONE',  ( -1.000000000000000000, 0.000000000000000000, 0.000000000000000000 ) ) ;
#1358 = EDGE_LOOP ( 'NONE', ( #18, #292, #1143, #741 ) ) ;
#1359 =( LENGTH_UNIT ( ) NAMED_UNIT ( * ) SI_UNIT ( .MILLI., .METRE. ) );
#1360 = FACE_OUTER_BOUND ( 'NONE', #206, .T. ) ;
#1361 = VERTEX_POINT ( 'NONE', #537 ) ;
#1362 = CIRCLE ( 'NONE', #454, 0.09999999999999982514 ) ;
#1363 = DIRECTION ( 'NONE',  ( 1.000000000000000000, 0.000000000000000000, -0.000000000000000000 ) ) ;
#1364 = PRODUCT_DEFINITION_FORMATION_WITH_SPECIFIED_SOURCE ( 'ANY', '', #443, .NOT_KNOWN. ) ;
#1365 = DIRECTION ( 'NONE',  ( 1.000000000000000000, -0.000000000000000000, -0.000000000000000000 ) ) ;
#1366 = STYLED_ITEM ( 'NONE', ( #1411 ), #881 ) ;
#1367 = PRESENTATION_STYLE_ASSIGNMENT (( #1759 ) ) ;
#1368 = ORIENTED_EDGE ( 'NONE', *, *, #379, .F. ) ;
#1369 = AXIS2_PLACEMENT_3D ( 'NONE', #919, #1650, #479 ) ;
#1370 = FILL_AREA_STYLE_COLOUR ( '', #254 ) ;
#1371 = SURFACE_STYLE_USAGE ( .BOTH. , #926 ) ;
#1372 = VECTOR ( 'NONE', #1285, 1000.000000000000000 ) ;
#1373 = CARTESIAN_POINT ( 'NONE',  ( 7.200000000000000178, -2.200000000000000178, -2.200000000000000178 ) ) ;
#1374 = ORIENTED_EDGE ( 'NONE', *, *, #586, .F. ) ;
#1375 = PRESENTATION_LAYER_ASSIGNMENT (  '', '', ( #307 ) ) ;
#1376 = CARTESIAN_POINT ( 'NONE',  ( -7.200000000000000178, 2.200000000000000178, -2.200000000000000178 ) ) ;
#1377 = STYLED_ITEM ( 'NONE', ( #1402 ), #642 ) ;
#1378 = COLOUR_RGB ( '',0.8980392156862745390, 0.8980392156862745390, 0.8980392156862745390 ) ;
#1379 = ORIENTED_EDGE ( 'NONE', *, *, #563, .F. ) ;
#1380 = EDGE_CURVE ( 'NONE', #275, #1438, #399, .T. ) ;
#1381 =( LENGTH_UNIT ( ) NAMED_UNIT ( * ) SI_UNIT ( .MILLI., .METRE. ) );
#1382 = COLOUR_RGB ( '',0.8980392156862745390, 0.8980392156862745390, 0.8980392156862745390 ) ;
#1383 = CARTESIAN_POINT ( 'NONE',  ( -7.500000000000000000, 2.500000000000000000, 2.200000000000000178 ) ) ;
#1384 =( LENGTH_UNIT ( ) NAMED_UNIT ( * ) SI_UNIT ( .MILLI., .METRE. ) );
#1385 = FACE_OUTER_BOUND ( 'NONE', #320, .T. ) ;
#1386 = ORIENTED_EDGE ( 'NONE', *, *, #353, .F. ) ;
#1387 = CARTESIAN_POINT ( 'NONE',  ( -7.200000000000000178, -2.500000000000000000, 2.500000000000000000 ) ) ;
#1388 = ADVANCED_FACE ( 'NONE', ( #557 ), #1301, .T. ) ;
#1389 = UNCERTAINTY_MEASURE_WITH_UNIT (LENGTH_MEASURE( 1.000000000000000082E-05 ), #383, 'distance_accuracy_value', 'NONE');
#1390 = SURFACE_STYLE_FILL_AREA ( #673 ) ;
#1391 = ORIENTED_EDGE ( 'NONE', *, *, #1421, .F. ) ;
#1392 = AXIS2_PLACEMENT_3D ( 'NONE', #564, #1566, #1001 ) ;
#1393 = PRESENTATION_LAYER_ASSIGNMENT (  '', '', ( #807 ) ) ;
#1394 = ORIENTED_EDGE ( 'NONE', *, *, #1139, .T. ) ;
#1395 =( GEOMETRIC_REPRESENTATION_CONTEXT ( 3 ) GLOBAL_UNCERTAINTY_ASSIGNED_CONTEXT ( ( #1632 ) ) GLOBAL_UNIT_ASSIGNED_CONTEXT ( ( #1018, #625, #1790 ) ) REPRESENTATION_CONTEXT ( 'NONE', 'WORKASPACE' ) );
#1396 = COLOUR_RGB ( '',0.8980392156862745390, 0.8980392156862745390, 0.8980392156862745390 ) ;
#1397 = CARTESIAN_POINT ( 'NONE',  ( 7.500000000000000000, 2.500000000000000000, -2.200000000000000178 ) ) ;
#1398 = ORIENTED_EDGE ( 'NONE', *, *, #1162, .F. ) ;
#1399 = CARTESIAN_POINT ( 'NONE',  ( 7.200000000000000178, 2.200000000000000178, 0.000000000000000000 ) ) ;
#1400 = SURFACE_STYLE_FILL_AREA ( #122 ) ;
#1401 = EDGE_CURVE ( 'NONE', #624, #275, #857, .T. ) ;
#1402 = PRESENTATION_STYLE_ASSIGNMENT (( #1101 ) ) ;
#1403 = CARTESIAN_POINT ( 'NONE',  ( 4.700000000000000178, -2.500000000000000000, -2.200000000000000178 ) ) ;
#1404 = STYLED_ITEM ( 'NONE', ( #1367 ), #1298 ) ;
#1405 = FILL_AREA_STYLE_COLOUR ( '', #1378 ) ;
#1406 = SURFACE_SIDE_STYLE ('',( #1834 ) ) ;
#1407 = AXIS2_PLACEMENT_3D ( 'NONE', #251, #96, #543 ) ;
#1408 = FACE_OUTER_BOUND ( 'NONE', #1667, .T. ) ;
#1409 = LINE ( 'NONE', #656, #1246 ) ;
#1410 = ORIENTED_EDGE ( 'NONE', *, *, #1874, .T. ) ;
#1411 = PRESENTATION_STYLE_ASSIGNMENT (( #1722 ) ) ;
#1412 =( GEOMETRIC_REPRESENTATION_CONTEXT ( 3 ) GLOBAL_UNCERTAINTY_ASSIGNED_CONTEXT ( ( #1826 ) ) GLOBAL_UNIT_ASSIGNED_CONTEXT ( ( #1294, #435, #988 ) ) REPRESENTATION_CONTEXT ( 'NONE', 'WORKASPACE' ) );
#1413 = DIRECTION ( 'NONE',  ( 1.000000000000000000, -0.000000000000000000, -0.000000000000000000 ) ) ;
#1414 = EDGE_CURVE ( 'NONE', #1438, #26, #1433, .T. ) ;
#1415 = CARTESIAN_POINT ( 'NONE',  ( -4.700000000000000178, 2.200000000000000178, -2.299999999999999822 ) ) ;
#1416 = CARTESIAN_POINT ( 'NONE',  ( 7.200000000000000178, -2.500000000000000000, 2.200000000000000178 ) ) ;
#1417 = CARTESIAN_POINT ( 'NONE',  ( 7.500000000000000000, -2.200000000000000178, -2.200000000000000178 ) ) ;
#1418 = CARTESIAN_POINT ( 'NONE',  ( -4.700000000000000178, 2.200000000000000178, 2.299999999999999822 ) ) ;
#1419 = SURFACE_SIDE_STYLE ('',( #775 ) ) ;
#1420 =( LENGTH_UNIT ( ) NAMED_UNIT ( * ) SI_UNIT ( .MILLI., .METRE. ) );
#1421 = EDGE_CURVE ( 'NONE', #979, #892, #116, .T. ) ;
#1422 = MECHANICAL_DESIGN_GEOMETRIC_PRESENTATION_REPRESENTATION (  '', ( #693 ), #117 ) ;
#1423 =( GEOMETRIC_REPRESENTATION_CONTEXT ( 3 ) GLOBAL_UNCERTAINTY_ASSIGNED_CONTEXT ( ( #731 ) ) GLOBAL_UNIT_ASSIGNED_CONTEXT ( ( #880, #1167, #1748 ) ) REPRESENTATION_CONTEXT ( 'NONE', 'WORKASPACE' ) );
#1424 = PLANE ( 'NONE',  #378 ) ;
#1425 = DIRECTION ( 'NONE',  ( -0.000000000000000000, -1.000000000000000000, -0.000000000000000000 ) ) ;
#1426 = VERTEX_POINT ( 'NONE', #1586 ) ;
#1427 = PRESENTATION_LAYER_ASSIGNMENT (  '', '', ( #693 ) ) ;
#1428 =( GEOMETRIC_REPRESENTATION_CONTEXT ( 3 ) GLOBAL_UNCERTAINTY_ASSIGNED_CONTEXT ( ( #991 ) ) GLOBAL_UNIT_ASSIGNED_CONTEXT ( ( #1290, #111, #541 ) ) REPRESENTATION_CONTEXT ( 'NONE', 'WORKASPACE' ) );
#1429 = FACE_OUTER_BOUND ( 'NONE', #1812, .T. ) ;
#1430 = SURFACE_STYLE_FILL_AREA ( #535 ) ;
#1431 = DIRECTION ( 'NONE',  ( 0.000000000000000000, 0.000000000000000000, 1.000000000000000000 ) ) ;
#1432 = MECHANICAL_DESIGN_GEOMETRIC_PRESENTATION_REPRESENTATION (  '', ( #94 ), #1736 ) ;
#1433 = LINE ( 'NONE', #685, #298 ) ;
#1434 = FACE_BOUND ( 'NONE', #1589, .T. ) ;
#1435 = ORIENTED_EDGE ( 'NONE', *, *, #1078, .F. ) ;
#1436 = COLOUR_RGB ( '',0.8980392156862745390, 0.8980392156862745390, 0.8980392156862745390 ) ;
#1437 = EDGE_CURVE ( 'NONE', #1013, #1752, #281, .T. ) ;
#1438 = VERTEX_POINT ( 'NONE', #425 ) ;
#1439 = DIRECTION ( 'NONE',  ( 1.000000000000000000, 0.000000000000000000, 0.000000000000000000 ) ) ;
#1440 = COLOUR_RGB ( '',0.8980392156862745390, 0.8980392156862745390, 0.8980392156862745390 ) ;
#1441 = CARTESIAN_POINT ( 'NONE',  ( 4.700000000000000178, 2.500000000000000000, 2.200000000000000178 ) ) ;
#1442 = SURFACE_SIDE_STYLE ('',( #1588 ) ) ;
#1443 = UNCERTAINTY_MEASURE_WITH_UNIT (LENGTH_MEASURE( 1.000000000000000082E-05 ), #90, 'distance_accuracy_value', 'NONE');
#1444 = ORIENTED_EDGE ( 'NONE', *, *, #1574, .T. ) ;
#1445 = DIRECTION ( 'NONE',  ( 0.000000000000000000, 0.000000000000000000, -1.000000000000000000 ) ) ;
#1446 = DIRECTION ( 'NONE',  ( -0.000000000000000000, -0.000000000000000000, -1.000000000000000000 ) ) ;
#1447 = VERTEX_POINT ( 'NONE', #1003 ) ;
#1448 = FACE_OUTER_BOUND ( 'NONE', #477, .T. ) ;
#1449 = AXIS2_PLACEMENT_3D ( 'NONE', #1474, #1039, #1781 ) ;
#1450 = CIRCLE ( 'NONE', #363, 0.2999999999999999334 ) ;
#1451 = DIRECTION ( 'NONE',  ( 0.000000000000000000, 0.000000000000000000, -1.000000000000000000 ) ) ;
#1452 = CIRCLE ( 'NONE', #1369, 0.2999999999999999334 ) ;
#1453 = PRESENTATION_STYLE_ASSIGNMENT (( #872 ) ) ;
#1454 =( GEOMETRIC_REPRESENTATION_CONTEXT ( 3 ) GLOBAL_UNCERTAINTY_ASSIGNED_CONTEXT ( ( #1822 ) ) GLOBAL_UNIT_ASSIGNED_CONTEXT ( ( #264, #230, #671 ) ) REPRESENTATION_CONTEXT ( 'NONE', 'WORKASPACE' ) );
#1455 = AXIS2_PLACEMENT_3D ( 'NONE', #571, #1431, #433 ) ;
#1456 = ORIENTED_EDGE ( 'NONE', *, *, #776, .F. ) ;
#1457 = UNCERTAINTY_MEASURE_WITH_UNIT (LENGTH_MEASURE( 1.000000000000000082E-05 ), #1615, 'distance_accuracy_value', 'NONE');
#1458 = EDGE_LOOP ( 'NONE', ( #1193, #143, #924, #1569 ) ) ;
#1459 = DIRECTION ( 'NONE',  ( -1.000000000000000000, 0.000000000000000000, 0.000000000000000000 ) ) ;
#1460 = CARTESIAN_POINT ( 'NONE',  ( 7.500000000000000000, 0.000000000000000000, 2.200000000000000178 ) ) ;
#1461 =( GEOMETRIC_REPRESENTATION_CONTEXT ( 3 ) GLOBAL_UNCERTAINTY_ASSIGNED_CONTEXT ( ( #403 ) ) GLOBAL_UNIT_ASSIGNED_CONTEXT ( ( #356, #1199, #1347 ) ) REPRESENTATION_CONTEXT ( 'NONE', 'WORKASPACE' ) );
#1462 = CIRCLE ( 'NONE', #644, 0.2999999999999999334 ) ;
#1463 = SURFACE_STYLE_USAGE ( .BOTH. , #303 ) ;
#1464 = SURFACE_STYLE_USAGE ( .BOTH. , #175 ) ;
#1465 = CYLINDRICAL_SURFACE ( 'NONE', #25, 0.2999999999999999334 ) ;
#1466 = EDGE_CURVE ( 'NONE', #26, #392, #1606, .T. ) ;
#1467 = EDGE_LOOP ( 'NONE', ( #1085, #629, #1164, #1639 ) ) ;
#1468 = ORIENTED_EDGE ( 'NONE', *, *, #1685, .F. ) ;
#1469 =( NAMED_UNIT ( * ) SI_UNIT ( $, .STERADIAN. ) SOLID_ANGLE_UNIT ( ) );
#1470 = DIRECTION ( 'NONE',  ( 1.000000000000000000, 0.000000000000000000, 0.000000000000000000 ) ) ;
#1471 =( NAMED_UNIT ( * ) PLANE_ANGLE_UNIT ( ) SI_UNIT ( $, .RADIAN. ) );
#1472 =( LENGTH_UNIT ( ) NAMED_UNIT ( * ) SI_UNIT ( .MILLI., .METRE. ) );
#1473 = FILL_AREA_STYLE_COLOUR ( '', #1479 ) ;
#1474 = CARTESIAN_POINT ( 'NONE',  ( -7.200000000000000178, -2.200000000000000178, -2.200000000000000178 ) ) ;
#1475 = VERTEX_POINT ( 'NONE', #444 ) ;
#1476 = CARTESIAN_POINT ( 'NONE',  ( 4.700000000000000178, 2.200000000000000178, -2.500000000000000000 ) ) ;
#1477 = EDGE_CURVE ( 'NONE', #57, #1747, #106, .T. ) ;
#1478 = SURFACE_SIDE_STYLE ('',( #1203 ) ) ;
#1479 = COLOUR_RGB ( '',0.6666666666666666297, 0.6980392156862744724, 0.7686274509803920907 ) ;
#1480 = COLOUR_RGB ( '',0.8980392156862745390, 0.8980392156862745390, 0.8980392156862745390 ) ;
#1481 = ORIENTED_EDGE ( 'NONE', *, *, #330, .T. ) ;
#1482 = FACE_OUTER_BOUND ( 'NONE', #668, .T. ) ;
#1483 = CARTESIAN_POINT ( 'NONE',  ( -4.700000000000000178, 2.500000000000000000, 2.200000000000000178 ) ) ;
#1484 = ORIENTED_EDGE ( 'NONE', *, *, #718, .F. ) ;
#1485 = CIRCLE ( 'NONE', #1735, 0.09999999999999982514 ) ;
#1486 = FACE_OUTER_BOUND ( 'NONE', #1458, .T. ) ;
#1487 = DIRECTION ( 'NONE',  ( 0.000000000000000000, 0.000000000000000000, -1.000000000000000000 ) ) ;
#1488 = ADVANCED_FACE ( 'NONE', ( #565 ), #1572, .F. ) ;
#1489 = COLOUR_RGB ( '',0.6666666666666666297, 0.6980392156862744724, 0.7686274509803920907 ) ;
#1490 = CARTESIAN_POINT ( 'NONE',  ( -4.700000000000000178, 2.200000000000000178, 2.299999999999999822 ) ) ;
#1491 = PLANE ( 'NONE',  #820 ) ;
#1492 = COLOUR_RGB ( '',0.6666666666666666297, 0.6980392156862744724, 0.7686274509803920907 ) ;
#1493 = DIRECTION ( 'NONE',  ( 0.000000000000000000, 0.000000000000000000, 1.000000000000000000 ) ) ;
#1494 = CARTESIAN_POINT ( 'NONE',  ( 4.700000000000000178, 2.200000000000000178, -2.200000000000000178 ) ) ;
#1495 = COLOUR_RGB ( '',0.8980392156862745390, 0.8980392156862745390, 0.8980392156862745390 ) ;
#1496 = SURFACE_STYLE_FILL_AREA ( #912 ) ;
#1497 = CIRCLE ( 'NONE', #189, 0.2999999999999999334 ) ;
#1498 = ORIENTED_EDGE ( 'NONE', *, *, #563, .T. ) ;
#1499 =( NAMED_UNIT ( * ) PLANE_ANGLE_UNIT ( ) SI_UNIT ( $, .RADIAN. ) );
#1500 = UNCERTAINTY_MEASURE_WITH_UNIT (LENGTH_MEASURE( 1.000000000000000082E-05 ), #1381, 'distance_accuracy_value', 'NONE');
#1501 =( NAMED_UNIT ( * ) SI_UNIT ( $, .STERADIAN. ) SOLID_ANGLE_UNIT ( ) );
#1502 = EDGE_CURVE ( 'NONE', #950, #1577, #599, .T. ) ;
#1503 =( LENGTH_UNIT ( ) NAMED_UNIT ( * ) SI_UNIT ( .MILLI., .METRE. ) );
#1504 = FILL_AREA_STYLE_COLOUR ( '', #966 ) ;
#1505 =( NAMED_UNIT ( * ) SI_UNIT ( $, .STERADIAN. ) SOLID_ANGLE_UNIT ( ) );
#1506 = SURFACE_SIDE_STYLE ('',( #1069 ) ) ;
#1507 = DIRECTION ( 'NONE',  ( 0.000000000000000000, 0.000000000000000000, 1.000000000000000000 ) ) ;
#1508 =( NAMED_UNIT ( * ) SI_UNIT ( $, .STERADIAN. ) SOLID_ANGLE_UNIT ( ) );
#1509 = FACE_OUTER_BOUND ( 'NONE', #654, .T. ) ;
#1510 = AXIS2_PLACEMENT_3D ( 'NONE', #1854, #1439, #572 ) ;
#1511 = PRESENTATION_STYLE_ASSIGNMENT (( #237 ) ) ;
#1512 = DIRECTION ( 'NONE',  ( -1.000000000000000000, 0.000000000000000000, 0.000000000000000000 ) ) ;
#1513 =( GEOMETRIC_REPRESENTATION_CONTEXT ( 3 ) GLOBAL_UNCERTAINTY_ASSIGNED_CONTEXT ( ( #965 ) ) GLOBAL_UNIT_ASSIGNED_CONTEXT ( ( #609, #596, #316 ) ) REPRESENTATION_CONTEXT ( 'NONE', 'WORKASPACE' ) );
#1514 = ORIENTED_EDGE ( 'NONE', *, *, #1739, .F. ) ;
#1515 = DIRECTION ( 'NONE',  ( -1.000000000000000000, 0.000000000000000000, 0.000000000000000000 ) ) ;
#1516 = STYLED_ITEM ( 'NONE', ( #41 ), #1048 ) ;
#1517 = DIRECTION ( 'NONE',  ( -1.000000000000000000, -0.000000000000000000, 0.000000000000000000 ) ) ;
#1518 = ORIENTED_EDGE ( 'NONE', *, *, #1466, .F. ) ;
#1519 = LINE ( 'NONE', #63, #806 ) ;
#1520 = DIRECTION ( 'NONE',  ( -0.000000000000000000, -1.000000000000000000, -0.000000000000000000 ) ) ;
#1521 = PRESENTATION_LAYER_ASSIGNMENT (  '', '', ( #468 ) ) ;
#1522 = EDGE_CURVE ( 'NONE', #1023, #913, #1612, .T. ) ;
#1523 = ORIENTED_EDGE ( 'NONE', *, *, #137, .F. ) ;
#1524 = SURFACE_STYLE_FILL_AREA ( #1677 ) ;
#1525 = DIRECTION ( 'NONE',  ( 0.000000000000000000, 0.000000000000000000, 1.000000000000000000 ) ) ;
#1526 = AXIS2_PLACEMENT_3D ( 'NONE', #981, #245, #823 ) ;
#1527 = ORIENTED_EDGE ( 'NONE', *, *, #1564, .T. ) ;
#1528 = EDGE_LOOP ( 'NONE', ( #243, #66, #990, #1277 ) ) ;
#1529 =( NAMED_UNIT ( * ) PLANE_ANGLE_UNIT ( ) SI_UNIT ( $, .RADIAN. ) );
#1530 = LINE ( 'NONE', #817, #8 ) ;
#1531 =( NAMED_UNIT ( * ) PLANE_ANGLE_UNIT ( ) SI_UNIT ( $, .RADIAN. ) );
#1532 = ORIENTED_EDGE ( 'NONE', *, *, #1093, .F. ) ;
#1533 = UNCERTAINTY_MEASURE_WITH_UNIT (LENGTH_MEASURE( 1.000000000000000082E-05 ), #760, 'distance_accuracy_value', 'NONE');
#1534 = DIRECTION ( 'NONE',  ( 0.000000000000000000, -1.000000000000000000, 0.000000000000000000 ) ) ;
#1535 = SURFACE_STYLE_USAGE ( .BOTH. , #400 ) ;
#1536 = ORIENTED_EDGE ( 'NONE', *, *, #1139, .F. ) ;
#1537 = ADVANCED_FACE ( 'NONE', ( #324 ), #1465, .T. ) ;
#1538 = UNCERTAINTY_MEASURE_WITH_UNIT (LENGTH_MEASURE( 1.000000000000000082E-05 ), #1248, 'distance_accuracy_value', 'NONE');
#1539 = CYLINDRICAL_SURFACE ( 'NONE', #1802, 0.2999999999999999334 ) ;
#1540 = CARTESIAN_POINT ( 'NONE',  ( 7.500000000000000000, -2.200000000000000178, 0.000000000000000000 ) ) ;
#1541 = EDGE_LOOP ( 'NONE', ( #1216, #467, #961, #1116 ) ) ;
#1542 = CARTESIAN_POINT ( 'NONE',  ( -7.200000000000000178, -2.500000000000000000, -2.200000000000000178 ) ) ;
#1543 = DIRECTION ( 'NONE',  ( 1.000000000000000000, 0.000000000000000000, 0.000000000000000000 ) ) ;
#1544 = PLANE ( 'NONE',  #71 ) ;
#1545 =( GEOMETRIC_REPRESENTATION_CONTEXT ( 3 ) GLOBAL_UNCERTAINTY_ASSIGNED_CONTEXT ( ( #475 ) ) GLOBAL_UNIT_ASSIGNED_CONTEXT ( ( #1571, #1300, #280 ) ) REPRESENTATION_CONTEXT ( 'NONE', 'WORKASPACE' ) );
#1546 = CARTESIAN_POINT ( 'NONE',  ( 7.500000000000000000, -2.200000000000000178, -2.500000000000000000 ) ) ;
#1547 = LINE ( 'NONE', #1415, #1261 ) ;
#1548 = CARTESIAN_POINT ( 'NONE',  ( -4.700000000000000178, -2.200000000000000178, 2.500000000000000000 ) ) ;
#1549 = PRESENTATION_LAYER_ASSIGNMENT (  '', '', ( #1121 ) ) ;
#1550 = VERTEX_POINT ( 'NONE', #1047 ) ;
#1551 = FILL_AREA_STYLE_COLOUR ( '', #1641 ) ;
#1552 = ADVANCED_FACE ( 'NONE', ( #768 ), #162, .T. ) ;
#1553 = DIRECTION ( 'NONE',  ( 0.000000000000000000, -1.000000000000000000, 0.000000000000000000 ) ) ;
#1554 = CARTESIAN_POINT ( 'NONE',  ( -4.700000000000000178, 2.200000000000000178, -2.299999999999999822 ) ) ;
#1555 = SURFACE_SIDE_STYLE ('',( #1104 ) ) ;
#1556 = CIRCLE ( 'NONE', #1407, 0.2999999999999999334 ) ;
#1557 = UNCERTAINTY_MEASURE_WITH_UNIT (LENGTH_MEASURE( 1.000000000000000082E-05 ), #1384, 'distance_accuracy_value', 'NONE');
#1558 =( GEOMETRIC_REPRESENTATION_CONTEXT ( 3 ) GLOBAL_UNCERTAINTY_ASSIGNED_CONTEXT ( ( #1763 ) ) GLOBAL_UNIT_ASSIGNED_CONTEXT ( ( #1472, #1344, #1054 ) ) REPRESENTATION_CONTEXT ( 'NONE', 'WORKASPACE' ) );
#1559 = DIRECTION ( 'NONE',  ( -0.000000000000000000, -1.000000000000000000, -0.000000000000000000 ) ) ;
#1560 = CARTESIAN_POINT ( 'NONE',  ( -7.200000000000000178, 2.200000000000000178, 2.200000000000000178 ) ) ;
#1561 = ORIENTED_EDGE ( 'NONE', *, *, #1782, .T. ) ;
#1562 = SURFACE_STYLE_USAGE ( .BOTH. , #983 ) ;
#1563 = COLOUR_RGB ( '',0.8980392156862745390, 0.8980392156862745390, 0.8980392156862745390 ) ;
#1564 = EDGE_CURVE ( 'NONE', #892, #567, #190, .T. ) ;
#1565 = FACE_OUTER_BOUND ( 'NONE', #265, .T. ) ;
#1566 = DIRECTION ( 'NONE',  ( 0.000000000000000000, 1.000000000000000000, -0.000000000000000000 ) ) ;
#1567 = EDGE_CURVE ( 'NONE', #311, #683, #1651, .T. ) ;
#1568 = DIRECTION ( 'NONE',  ( 1.000000000000000000, 0.000000000000000000, 0.000000000000000000 ) ) ;
#1569 = ORIENTED_EDGE ( 'NONE', *, *, #1232, .T. ) ;
#1570 =( NAMED_UNIT ( * ) PLANE_ANGLE_UNIT ( ) SI_UNIT ( $, .RADIAN. ) );
#1571 =( LENGTH_UNIT ( ) NAMED_UNIT ( * ) SI_UNIT ( .MILLI., .METRE. ) );
#1572 = PLANE ( 'NONE',  #1573 ) ;
#1573 = AXIS2_PLACEMENT_3D ( 'NONE', #154, #899, #758 ) ;
#1574 = EDGE_CURVE ( 'NONE', #1835, #1849, #1575, .T. ) ;
#1575 = CIRCLE ( 'NONE', #1144, 0.2999999999999999334 ) ;
#1576 = FILL_AREA_STYLE ('',( #1267 ) ) ;
#1577 = VERTEX_POINT ( 'NONE', #1102 ) ;
#1578 = COLOUR_RGB ( '',0.8980392156862745390, 0.8980392156862745390, 0.8980392156862745390 ) ;
#1579 = UNCERTAINTY_MEASURE_WITH_UNIT (LENGTH_MEASURE( 1.000000000000000082E-05 ), #1359, 'distance_accuracy_value', 'NONE');
#1580 = VERTEX_POINT ( 'NONE', #376 ) ;
#1581 = VECTOR ( 'NONE', #136, 1000.000000000000000 ) ;
#1582 = AXIS2_PLACEMENT_3D ( 'NONE', #1417, #1138, #1244 ) ;
#1583 = PRESENTATION_STYLE_ASSIGNMENT (( #999 ) ) ;
#1584 = CARTESIAN_POINT ( 'NONE',  ( -7.200000000000000178, 2.200000000000000178, 2.200000000000000178 ) ) ;
#1585 =( GEOMETRIC_REPRESENTATION_CONTEXT ( 3 ) GLOBAL_UNCERTAINTY_ASSIGNED_CONTEXT ( ( #1076 ) ) GLOBAL_UNIT_ASSIGNED_CONTEXT ( ( #1063, #184, #1501 ) ) REPRESENTATION_CONTEXT ( 'NONE', 'WORKASPACE' ) );
#1586 = CARTESIAN_POINT ( 'NONE',  ( 7.500000000000000000, -2.200000000000000178, -2.200000000000000178 ) ) ;
#1587 = EDGE_CURVE ( 'NONE', #89, #1097, #1519, .T. ) ;
#1588 = SURFACE_STYLE_FILL_AREA ( #1576 ) ;
#1589 = EDGE_LOOP ( 'NONE', ( #875, #1260, #211, #645, #997, #866, #1108, #1386 ) ) ;
#1590 = ORIENTED_EDGE ( 'NONE', *, *, #294, .T. ) ;
#1591 = CARTESIAN_POINT ( 'NONE',  ( 7.500000000000000000, 2.200000000000000178, -2.500000000000000000 ) ) ;
#1592 = PRESENTATION_LAYER_ASSIGNMENT (  '', '', ( #1316 ) ) ;
#1593 = DIRECTION ( 'NONE',  ( 0.000000000000000000, -1.000000000000000000, 0.000000000000000000 ) ) ;
#1594 = SURFACE_STYLE_FILL_AREA ( #409 ) ;
#1595 = SURFACE_STYLE_USAGE ( .BOTH. , #1737 ) ;
#1596 = ORIENTED_EDGE ( 'NONE', *, *, #1685, .T. ) ;
#1597 = UNCERTAINTY_MEASURE_WITH_UNIT (LENGTH_MEASURE( 1.000000000000000082E-05 ), #1503, 'distance_accuracy_value', 'NONE');
#1598 = EDGE_LOOP ( 'NONE', ( #1021, #1327, #1311, #458 ) ) ;
#1599 = DIRECTION ( 'NONE',  ( 0.000000000000000000, 1.000000000000000000, 0.000000000000000000 ) ) ;
#1600 = EDGE_CURVE ( 'NONE', #311, #1447, #1362, .T. ) ;
#1601 = CARTESIAN_POINT ( 'NONE',  ( 4.700000000000000178, -2.200000000000000178, -2.200000000000000178 ) ) ;
#1602 =( NAMED_UNIT ( * ) PLANE_ANGLE_UNIT ( ) SI_UNIT ( $, .RADIAN. ) );
#1603 =( NAMED_UNIT ( * ) SI_UNIT ( $, .STERADIAN. ) SOLID_ANGLE_UNIT ( ) );
#1604 = STYLED_ITEM ( 'NONE', ( #1511 ), #1669 ) ;
#1605 = ORIENTED_EDGE ( 'NONE', *, *, #1162, .T. ) ;
#1606 = CIRCLE ( 'NONE', #30, 0.2999999999999999334 ) ;
#1607 = AXIS2_PLACEMENT_3D ( 'NONE', #174, #1079, #361 ) ;
#1608 = EDGE_CURVE ( 'NONE', #762, #979, #542, .T. ) ;
#1609 = SURFACE_STYLE_FILL_AREA ( #12 ) ;
#1610 = SURFACE_STYLE_USAGE ( .BOTH. , #160 ) ;
#1611 = SURFACE_STYLE_FILL_AREA ( #461 ) ;
#1612 = LINE ( 'NONE', #1621, #1030 ) ;
#1613 = STYLED_ITEM ( 'NONE', ( #1643 ), #1247 ) ;
#1614 = ORIENTED_EDGE ( 'NONE', *, *, #1647, .T. ) ;
#1615 =( LENGTH_UNIT ( ) NAMED_UNIT ( * ) SI_UNIT ( .MILLI., .METRE. ) );
#1616 = MECHANICAL_DESIGN_GEOMETRIC_PRESENTATION_REPRESENTATION (  '', ( #1377 ), #99 ) ;
#1617 = SURFACE_STYLE_USAGE ( .BOTH. , #1767 ) ;
#1618 = PRESENTATION_STYLE_ASSIGNMENT (( #590 ) ) ;
#1619 = EDGE_CURVE ( 'NONE', #1842, #1023, #628, .T. ) ;
#1620 = STYLED_ITEM ( 'NONE', ( #1777 ), #29 ) ;
#1621 = CARTESIAN_POINT ( 'NONE',  ( 7.500000000000000000, -2.200000000000000178, 2.500000000000000000 ) ) ;
#1622 = SURFACE_SIDE_STYLE ('',( #465 ) ) ;
#1623 = EDGE_LOOP ( 'NONE', ( #490, #1201, #1368 ) ) ;
#1624 = FILL_AREA_STYLE ('',( #328 ) ) ;
#1625 = PLANE ( 'NONE',  #677 ) ;
#1626 =( NAMED_UNIT ( * ) PLANE_ANGLE_UNIT ( ) SI_UNIT ( $, .RADIAN. ) );
#1627 = DIRECTION ( 'NONE',  ( -0.000000000000000000, 1.000000000000000000, -0.000000000000000000 ) ) ;
#1628 = ORIENTED_EDGE ( 'NONE', *, *, #157, .T. ) ;
#1629 = FILL_AREA_STYLE ('',( #908 ) ) ;
#1630 = DIRECTION ( 'NONE',  ( 1.000000000000000000, -0.000000000000000000, -0.000000000000000000 ) ) ;
#1631 =( LENGTH_UNIT ( ) NAMED_UNIT ( * ) SI_UNIT ( .MILLI., .METRE. ) );
#1632 = UNCERTAINTY_MEASURE_WITH_UNIT (LENGTH_MEASURE( 1.000000000000000082E-05 ), #1018, 'distance_accuracy_value', 'NONE');
#1633 = EDGE_CURVE ( 'NONE', #1023, #1708, #481, .T. ) ;
#1634 = ORIENTED_EDGE ( 'NONE', *, *, #1567, .F. ) ;
#1635 = CARTESIAN_POINT ( 'NONE',  ( 7.500000000000000000, -2.500000000000000000, 2.500000000000000000 ) ) ;
#1636 = PRODUCT_CONTEXT ( 'NONE', #387, 'mechanical' ) ;
#1637 = PRESENTATION_LAYER_ASSIGNMENT (  '', '', ( #569 ) ) ;
#1638 = LINE ( 'NONE', #185, #273 ) ;
#1639 = ORIENTED_EDGE ( 'NONE', *, *, #1414, .T. ) ;
#1640 = PRESENTATION_STYLE_ASSIGNMENT (( #617 ) ) ;
#1641 = COLOUR_RGB ( '',0.8980392156862745390, 0.8980392156862745390, 0.8980392156862745390 ) ;
#1642 = PRESENTATION_LAYER_ASSIGNMENT (  '', '', ( #904 ) ) ;
#1643 = PRESENTATION_STYLE_ASSIGNMENT (( #1059 ) ) ;
#1644 = ORIENTED_EDGE ( 'NONE', *, *, #1795, .F. ) ;
#1645 = AXIS2_PLACEMENT_3D ( 'NONE', #682, #371, #381 ) ;
#1646 = FILL_AREA_STYLE ('',( #1370 ) ) ;
#1647 = EDGE_CURVE ( 'NONE', #826, #362, #1800, .T. ) ;
#1648 = CARTESIAN_POINT ( 'NONE',  ( 7.500000000000000000, 2.200000000000000178, 2.500000000000000000 ) ) ;
#1649 = AXIS2_PLACEMENT_3D ( 'NONE', #1494, #648, #932 ) ;
#1650 = DIRECTION ( 'NONE',  ( -1.000000000000000000, 0.000000000000000000, 0.000000000000000000 ) ) ;
#1651 = LINE ( 'NONE', #149, #1666 ) ;
#1652 = UNCERTAINTY_MEASURE_WITH_UNIT (LENGTH_MEASURE( 1.000000000000000082E-05 ), #829, 'distance_accuracy_value', 'NONE');
#1653 = MECHANICAL_DESIGN_GEOMETRIC_PRESENTATION_REPRESENTATION (  '', ( #796 ), #856 ) ;
#1654 = DIRECTION ( 'NONE',  ( 0.000000000000000000, 0.000000000000000000, -1.000000000000000000 ) ) ;
#1655 =( GEOMETRIC_REPRESENTATION_CONTEXT ( 3 ) GLOBAL_UNCERTAINTY_ASSIGNED_CONTEXT ( ( #1443 ) ) GLOBAL_UNIT_ASSIGNED_CONTEXT ( ( #90, #1302, #256 ) ) REPRESENTATION_CONTEXT ( 'NONE', 'WORKASPACE' ) );
#1656 = PLANE ( 'NONE',  #249 ) ;
#1657 = CARTESIAN_POINT ( 'NONE',  ( -7.200000000000000178, -2.200000000000000178, -2.200000000000000178 ) ) ;
#1658 = SURFACE_SIDE_STYLE ('',( #663 ) ) ;
#1659 = APPLICATION_CONTEXT ( 'automotive_design' ) ;
#1660 = DIRECTION ( 'NONE',  ( 1.000000000000000000, 0.000000000000000000, 0.000000000000000000 ) ) ;
#1661 = FACE_OUTER_BOUND ( 'NONE', #1662, .T. ) ;
#1662 = EDGE_LOOP ( 'NONE', ( #511, #133, #357, #1444 ) ) ;
#1663 = DIRECTION ( 'NONE',  ( -0.000000000000000000, 1.000000000000000000, 0.000000000000000000 ) ) ;
#1664 = CARTESIAN_POINT ( 'NONE',  ( 4.700000000000000178, -2.299999999999999822, -2.200000000000000178 ) ) ;
#1665 = DIRECTION ( 'NONE',  ( 0.000000000000000000, 0.000000000000000000, 1.000000000000000000 ) ) ;
#1666 = VECTOR ( 'NONE', #728, 1000.000000000000000 ) ;
#1667 = EDGE_LOOP ( 'NONE', ( #1729, #1398, #1456 ) ) ;
#1668 = PRESENTATION_LAYER_ASSIGNMENT (  '', '', ( #1604 ) ) ;
#1669 = ADVANCED_FACE ( 'NONE', ( #647 ), #939, .T. ) ;
#1670 = DIRECTION ( 'NONE',  ( 0.000000000000000000, 1.000000000000000000, 0.000000000000000000 ) ) ;
#1671 = CARTESIAN_POINT ( 'NONE',  ( 7.200000000000000178, -2.200000000000000178, -2.500000000000000000 ) ) ;
#1672 = FILL_AREA_STYLE_COLOUR ( '', #1436 ) ;
#1673 = STYLED_ITEM ( 'NONE', ( #1237 ), #1342 ) ;
#1674 = AXIS2_PLACEMENT_3D ( 'NONE', #1184, #1305, #313 ) ;
#1675 =( NAMED_UNIT ( * ) SI_UNIT ( $, .STERADIAN. ) SOLID_ANGLE_UNIT ( ) );
#1676 = ORIENTED_EDGE ( 'NONE', *, *, #1266, .F. ) ;
#1677 = FILL_AREA_STYLE ('',( #101 ) ) ;
#1678 = DIRECTION ( 'NONE',  ( 0.000000000000000000, 0.000000000000000000, 1.000000000000000000 ) ) ;
#1679 = MECHANICAL_DESIGN_GEOMETRIC_PRESENTATION_REPRESENTATION (  '', ( #148 ), #1585 ) ;
#1680 = VERTEX_POINT ( 'NONE', #1830 ) ;
#1681 = DIRECTION ( 'NONE',  ( 1.000000000000000000, -0.000000000000000000, -0.000000000000000000 ) ) ;
#1682 = VERTEX_POINT ( 'NONE', #1092 ) ;
#1683 = DIRECTION ( 'NONE',  ( 1.000000000000000000, 0.000000000000000000, 0.000000000000000000 ) ) ;
#1684 = FILL_AREA_STYLE ('',( #1405 ) ) ;
#1685 = EDGE_CURVE ( 'NONE', #1747, #826, #385, .T. ) ;
#1686 = PRESENTATION_LAYER_ASSIGNMENT (  '', '', ( #584 ) ) ;
#1687 = DIRECTION ( 'NONE',  ( 0.000000000000000000, 0.000000000000000000, -1.000000000000000000 ) ) ;
#1688 = ORIENTED_EDGE ( 'NONE', *, *, #1401, .F. ) ;
#1689 = PRESENTATION_LAYER_ASSIGNMENT (  '', '', ( #796 ) ) ;
#1690 = CARTESIAN_POINT ( 'NONE',  ( -7.200000000000000178, -2.200000000000000178, -2.200000000000000178 ) ) ;
#1691 = ORIENTED_EDGE ( 'NONE', *, *, #450, .F. ) ;
#1692 = CYLINDRICAL_SURFACE ( 'NONE', #824, 0.09999999999999982514 ) ;
#1693 = FACE_OUTER_BOUND ( 'NONE', #1155, .T. ) ;
#1694 = UNCERTAINTY_MEASURE_WITH_UNIT (LENGTH_MEASURE( 1.000000000000000082E-05 ), #139, 'distance_accuracy_value', 'NONE');
#1695 = EDGE_CURVE ( 'NONE', #275, #1097, #1751, .T. ) ;
#1696 = DIRECTION ( 'NONE',  ( -1.000000000000000000, 0.000000000000000000, 0.000000000000000000 ) ) ;
#1697 = ORIENTED_EDGE ( 'NONE', *, *, #353, .T. ) ;
#1698 = SURFACE_SIDE_STYLE ('',( #1137 ) ) ;
#1699 = PRESENTATION_STYLE_ASSIGNMENT (( #1562 ) ) ;
#1700 = DIRECTION ( 'NONE',  ( 0.000000000000000000, 1.000000000000000000, 0.000000000000000000 ) ) ;
#1701 = LINE ( 'NONE', #855, #140 ) ;
#1702 = AXIS2_PLACEMENT_3D ( 'NONE', #1226, #929, #225 ) ;
#1703 = SURFACE_STYLE_USAGE ( .BOTH. , #1406 ) ;
#1704 =( GEOMETRIC_REPRESENTATION_CONTEXT ( 3 ) GLOBAL_UNCERTAINTY_ASSIGNED_CONTEXT ( ( #1694 ) ) GLOBAL_UNIT_ASSIGNED_CONTEXT ( ( #139, #585, #1603 ) ) REPRESENTATION_CONTEXT ( 'NONE', 'WORKASPACE' ) );
#1705 = DIRECTION ( 'NONE',  ( 0.000000000000000000, 1.000000000000000000, -0.000000000000000000 ) ) ;
#1706 = CARTESIAN_POINT ( 'NONE',  ( 4.700000000000000178, 2.200000000000000178, -2.200000000000000178 ) ) ;
#1707 = COLOUR_RGB ( '',0.8980392156862745390, 0.8980392156862745390, 0.8980392156862745390 ) ;
#1708 = VERTEX_POINT ( 'NONE', #97 ) ;
#1709 = EDGE_CURVE ( 'NONE', #550, #1808, #921, .T. ) ;
#1710 = SPHERICAL_SURFACE ( 'NONE', #1526, 0.2999999999999999889 ) ;
#1711 = DIRECTION ( 'NONE',  ( 0.000000000000000000, 0.000000000000000000, -1.000000000000000000 ) ) ;
#1712 = CARTESIAN_POINT ( 'NONE',  ( -7.500000000000000000, 2.200000000000000178, 2.200000000000000178 ) ) ;
#1713 = PRESENTATION_LAYER_ASSIGNMENT (  '', '', ( #556 ) ) ;
#1714 = SURFACE_SIDE_STYLE ('',( #547 ) ) ;
#1715 = CYLINDRICAL_SURFACE ( 'NONE', #305, 0.2999999999999999334 ) ;
#1716 = ORIENTED_EDGE ( 'NONE', *, *, #920, .F. ) ;
#1717 = DIRECTION ( 'NONE',  ( 0.000000000000000000, 0.000000000000000000, -1.000000000000000000 ) ) ;
#1718 = ADVANCED_FACE ( 'NONE', ( #1112 ), #1861, .T. ) ;
#1719 = LINE ( 'NONE', #1131, #434 ) ;
#1720 = DIRECTION ( 'NONE',  ( 0.000000000000000000, 0.000000000000000000, 1.000000000000000000 ) ) ;
#1721 = CARTESIAN_POINT ( 'NONE',  ( 7.500000000000000000, 2.200000000000000178, 0.000000000000000000 ) ) ;
#1722 = SURFACE_STYLE_USAGE ( .BOTH. , #1098 ) ;
#1723 = LINE ( 'NONE', #1542, #42 ) ;
#1724 = PRESENTATION_STYLE_ASSIGNMENT (( #1009 ) ) ;
#1725 = EDGE_CURVE ( 'NONE', #300, #1013, #115, .T. ) ;
#1726 = SURFACE_STYLE_USAGE ( .BOTH. , #987 ) ;
#1727 = STYLED_ITEM ( 'NONE', ( #1036 ), #1846 ) ;
#1728 = PRESENTATION_LAYER_ASSIGNMENT (  '', '', ( #1727 ) ) ;
#1729 = ORIENTED_EDGE ( 'NONE', *, *, #1502, .T. ) ;
#1730 = AXIS2_PLACEMENT_3D ( 'NONE', #634, #210, #1053 ) ;
#1731 = UNCERTAINTY_MEASURE_WITH_UNIT (LENGTH_MEASURE( 1.000000000000000082E-05 ), #1338, 'distance_accuracy_value', 'NONE');
#1732 = ORIENTED_EDGE ( 'NONE', *, *, #1795, .T. ) ;
#1733 = VECTOR ( 'NONE', #1028, 1000.000000000000000 ) ;
#1734 = CARTESIAN_POINT ( 'NONE',  ( -7.200000000000000178, 2.200000000000000178, -2.200000000000000178 ) ) ;
#1735 = AXIS2_PLACEMENT_3D ( 'NONE', #1706, #1568, #1107 ) ;
#1736 =( GEOMETRIC_REPRESENTATION_CONTEXT ( 3 ) GLOBAL_UNCERTAINTY_ASSIGNED_CONTEXT ( ( #1533 ) ) GLOBAL_UNIT_ASSIGNED_CONTEXT ( ( #760, #180, #1200 ) ) REPRESENTATION_CONTEXT ( 'NONE', 'WORKASPACE' ) );
#1737 = SURFACE_SIDE_STYLE ('',( #1150 ) ) ;
#1738 = PRESENTATION_STYLE_ASSIGNMENT (( #1153 ) ) ;
#1739 = EDGE_CURVE ( 'NONE', #1286, #1550, #1123, .T. ) ;
#1740 = VERTEX_POINT ( 'NONE', #1712 ) ;
#1741 = DIRECTION ( 'NONE',  ( -0.000000000000000000, -1.000000000000000000, -0.000000000000000000 ) ) ;
#1742 = AXIS2_PLACEMENT_3D ( 'NONE', #498, #1279, #1269 ) ;
#1743 =( NAMED_UNIT ( * ) SI_UNIT ( $, .STERADIAN. ) SOLID_ANGLE_UNIT ( ) );
#1744 = FILL_AREA_STYLE ('',( #1159 ) ) ;
#1745 = VERTEX_POINT ( 'NONE', #692 ) ;
#1746 = ADVANCED_FACE ( 'NONE', ( #125 ), #1149, .T. ) ;
#1747 = VERTEX_POINT ( 'NONE', #993 ) ;
#1748 =( NAMED_UNIT ( * ) SI_UNIT ( $, .STERADIAN. ) SOLID_ANGLE_UNIT ( ) );
#1749 = COLOUR_RGB ( '',0.8980392156862745390, 0.8980392156862745390, 0.8980392156862745390 ) ;
#1750 = ORIENTED_EDGE ( 'NONE', *, *, #218, .T. ) ;
#1751 = CIRCLE ( 'NONE', #898, 0.2999999999999999334 ) ;
#1752 = VERTEX_POINT ( 'NONE', #703 ) ;
#1753 =( LENGTH_UNIT ( ) NAMED_UNIT ( * ) SI_UNIT ( .MILLI., .METRE. ) );
#1754 = CARTESIAN_POINT ( 'NONE',  ( 4.700000000000000178, 2.200000000000000178, 2.200000000000000178 ) ) ;
#1755 = CIRCLE ( 'NONE', #632, 0.09999999999999982514 ) ;
#1756 = LINE ( 'NONE', #295, #973 ) ;
#1757 = SURFACE_STYLE_FILL_AREA ( #1166 ) ;
#1758 = CYLINDRICAL_SURFACE ( 'NONE', #655, 0.09999999999999982514 ) ;
#1759 = SURFACE_STYLE_USAGE ( .BOTH. , #1506 ) ;
#1760 = FILL_AREA_STYLE ('',( #902 ) ) ;
#1761 = EDGE_LOOP ( 'NONE', ( #431, #532, #903, #876 ) ) ;
#1762 = FACE_OUTER_BOUND ( 'NONE', #1804, .T. ) ;
#1763 = UNCERTAINTY_MEASURE_WITH_UNIT (LENGTH_MEASURE( 1.000000000000000082E-05 ), #1472, 'distance_accuracy_value', 'NONE');
#1764 = DIRECTION ( 'NONE',  ( 0.000000000000000000, 0.000000000000000000, 1.000000000000000000 ) ) ;
#1765 = SURFACE_SIDE_STYLE ('',( #1329 ) ) ;
#1766 = COLOUR_RGB ( '',0.6666666666666666297, 0.6980392156862744724, 0.7686274509803920907 ) ;
#1767 = SURFACE_SIDE_STYLE ('',( #1186 ) ) ;
#1768 = SURFACE_STYLE_FILL_AREA ( #1629 ) ;
#1769 = CARTESIAN_POINT ( 'NONE',  ( -7.200000000000000178, 2.200000000000000178, -2.500000000000000000 ) ) ;
#1770 = EDGE_CURVE ( 'NONE', #1225, #1475, #1701, .T. ) ;
#1771 = CIRCLE ( 'NONE', #1742, 0.2999999999999999334 ) ;
#1772 = FILL_AREA_STYLE ('',( #335 ) ) ;
#1773 = DIRECTION ( 'NONE',  ( 0.000000000000000000, 1.000000000000000000, -0.000000000000000000 ) ) ;
#1774 = DIRECTION ( 'NONE',  ( 0.000000000000000000, 0.000000000000000000, -1.000000000000000000 ) ) ;
#1775 = ORIENTED_EDGE ( 'NONE', *, *, #294, .F. ) ;
#1776 = SURFACE_STYLE_FILL_AREA ( #1646 ) ;
#1777 = PRESENTATION_STYLE_ASSIGNMENT (( #39 ) ) ;
#1778 = APPLICATION_PROTOCOL_DEFINITION ( 'draft international standard', 'automotive_design', 1998, #387 ) ;
#1779 = SURFACE_STYLE_FILL_AREA ( #354 ) ;
#1780 = CARTESIAN_POINT ( 'NONE',  ( -7.500000000000000000, -2.200000000000000178, 2.200000000000000178 ) ) ;
#1781 = DIRECTION ( 'NONE',  ( 0.000000000000000000, 0.000000000000000000, -1.000000000000000000 ) ) ;
#1782 = EDGE_CURVE ( 'NONE', #1447, #300, #1271, .T. ) ;
#1783 = SURFACE_STYLE_FILL_AREA ( #48 ) ;
#1784 = LINE ( 'NONE', #339, #909 ) ;
#1785 =( LENGTH_UNIT ( ) NAMED_UNIT ( * ) SI_UNIT ( .MILLI., .METRE. ) );
#1786 = VERTEX_POINT ( 'NONE', #1868 ) ;
#1787 = CARTESIAN_POINT ( 'NONE',  ( 7.500000000000000000, 2.200000000000000178, -2.200000000000000178 ) ) ;
#1788 =( LENGTH_UNIT ( ) NAMED_UNIT ( * ) SI_UNIT ( .MILLI., .METRE. ) );
#1789 = PRESENTATION_LAYER_ASSIGNMENT (  '', '', ( #325 ) ) ;
#1790 =( NAMED_UNIT ( * ) SI_UNIT ( $, .STERADIAN. ) SOLID_ANGLE_UNIT ( ) );
#1791 = DIRECTION ( 'NONE',  ( -0.000000000000000000, -0.000000000000000000, 1.000000000000000000 ) ) ;
#1792 = CARTESIAN_POINT ( 'NONE',  ( 7.500000000000000000, 2.200000000000000178, -2.500000000000000000 ) ) ;
#1793 =( NAMED_UNIT ( * ) SI_UNIT ( $, .STERADIAN. ) SOLID_ANGLE_UNIT ( ) );
#1794 = ORIENTED_EDGE ( 'NONE', *, *, #790, .T. ) ;
#1795 = EDGE_CURVE ( 'NONE', #1475, #1286, #1817, .T. ) ;
#1796 = AXIS2_PLACEMENT_3D ( 'NONE', #326, #1654, #610 ) ;
#1797 = CYLINDRICAL_SURFACE ( 'NONE', #1283, 0.2999999999999999334 ) ;
#1798 = DIRECTION ( 'NONE',  ( 0.000000000000000000, 0.000000000000000000, 1.000000000000000000 ) ) ;
#1799 = VECTOR ( 'NONE', #1809, 1000.000000000000000 ) ;
#1800 = LINE ( 'NONE', #364, #167 ) ;
#1801 = DIRECTION ( 'NONE',  ( 0.000000000000000000, 0.000000000000000000, -1.000000000000000000 ) ) ;
#1802 = AXIS2_PLACEMENT_3D ( 'NONE', #1399, #93, #266 ) ;
#1803 =( LENGTH_UNIT ( ) NAMED_UNIT ( * ) SI_UNIT ( .MILLI., .METRE. ) );
#1804 = EDGE_LOOP ( 'NONE', ( #1435, #131, #1394, #1126 ) ) ;
#1805 = PRESENTATION_STYLE_ASSIGNMENT (( #1371 ) ) ;
#1806 = EDGE_CURVE ( 'NONE', #1013, #762, #975, .T. ) ;
#1807 = DIRECTION ( 'NONE',  ( -0.000000000000000000, -0.000000000000000000, 1.000000000000000000 ) ) ;
#1808 = VERTEX_POINT ( 'NONE', #1483 ) ;
#1809 = DIRECTION ( 'NONE',  ( -1.000000000000000000, 0.000000000000000000, 0.000000000000000000 ) ) ;
#1810 = DIRECTION ( 'NONE',  ( -0.000000000000000000, 0.000000000000000000, -1.000000000000000000 ) ) ;
#1811 = FILL_AREA_STYLE_COLOUR ( '', #178 ) ;
#1812 = EDGE_LOOP ( 'NONE', ( #672, #1644, #221, #1605 ) ) ;
#1813 = DIRECTION ( 'NONE',  ( -1.000000000000000000, 0.000000000000000000, 0.000000000000000000 ) ) ;
#1814 = FILL_AREA_STYLE_COLOUR ( '', #1396 ) ;
#1815 = MECHANICAL_DESIGN_GEOMETRIC_PRESENTATION_REPRESENTATION (  '', ( #1673 ), #272 ) ;
#1816 = ORIENTED_EDGE ( 'NONE', *, *, #738, .F. ) ;
#1817 = CIRCLE ( 'NONE', #1510, 0.2999999999999999334 ) ;
#1818 = DIRECTION ( 'NONE',  ( 0.000000000000000000, 1.000000000000000000, 0.000000000000000000 ) ) ;
#1819 = FACE_OUTER_BOUND ( 'NONE', #447, .T. ) ;
#1820 = CARTESIAN_POINT ( 'NONE',  ( 4.700000000000000178, -2.299999999999999822, 2.200000000000000178 ) ) ;
#1821 = ORIENTED_EDGE ( 'NONE', *, *, #1437, .F. ) ;
#1822 = UNCERTAINTY_MEASURE_WITH_UNIT (LENGTH_MEASURE( 1.000000000000000082E-05 ), #264, 'distance_accuracy_value', 'NONE');
#1823 = CARTESIAN_POINT ( 'NONE',  ( -7.200000000000000178, 2.500000000000000000, 2.200000000000000178 ) ) ;
#1824 = DIRECTION ( 'NONE',  ( 0.000000000000000000, -1.000000000000000000, 0.000000000000000000 ) ) ;
#1825 = VERTEX_POINT ( 'NONE', #607 ) ;
#1826 = UNCERTAINTY_MEASURE_WITH_UNIT (LENGTH_MEASURE( 1.000000000000000082E-05 ), #1294, 'distance_accuracy_value', 'NONE');
#1827 = SURFACE_STYLE_USAGE ( .BOTH. , #1698 ) ;
#1828 = PRESENTATION_LAYER_ASSIGNMENT (  '', '', ( #1404 ) ) ;
#1829 = ORIENTED_EDGE ( 'NONE', *, *, #168, .F. ) ;
#1830 = CARTESIAN_POINT ( 'NONE',  ( 4.700000000000000178, -2.200000000000000178, 2.500000000000000000 ) ) ;
#1831 = DIRECTION ( 'NONE',  ( 0.000000000000000000, 0.000000000000000000, -1.000000000000000000 ) ) ;
#1832 = MECHANICAL_DESIGN_GEOMETRIC_PRESENTATION_REPRESENTATION (  '', ( #980 ), #882 ) ;
#1833 = ADVANCED_FACE ( 'NONE', ( #147 ), #1758, .T. ) ;
#1834 = SURFACE_STYLE_FILL_AREA ( #1220 ) ;
#1835 = VERTEX_POINT ( 'NONE', #1769 ) ;
#1836 = MECHANICAL_DESIGN_GEOMETRIC_PRESENTATION_REPRESENTATION (  '', ( #1620 ), #646 ) ;
#1837 = DIRECTION ( 'NONE',  ( 0.000000000000000000, 0.000000000000000000, -1.000000000000000000 ) ) ;
#1838 = CARTESIAN_POINT ( 'NONE',  ( 7.500000000000000000, -2.500000000000000000, -2.200000000000000178 ) ) ;
#1839 = VERTEX_POINT ( 'NONE', #1353 ) ;
#1840 = PRESENTATION_STYLE_ASSIGNMENT (( #1827 ) ) ;
#1841 = DIRECTION ( 'NONE',  ( -0.000000000000000000, -0.000000000000000000, 1.000000000000000000 ) ) ;
#1842 = VERTEX_POINT ( 'NONE', #1780 ) ;
#1843 = CARTESIAN_POINT ( 'NONE',  ( 7.200000000000000178, -2.500000000000000000, -2.500000000000000000 ) ) ;
#1844 = DIRECTION ( 'NONE',  ( 0.000000000000000000, 0.000000000000000000, 1.000000000000000000 ) ) ;
#1845 = DIRECTION ( 'NONE',  ( -1.000000000000000000, -0.000000000000000000, 0.000000000000000000 ) ) ;
#1846 = ADVANCED_FACE ( 'NONE', ( #726 ), #161, .T. ) ;
#1847 = PRESENTATION_STYLE_ASSIGNMENT (( #129 ) ) ;
#1848 = CARTESIAN_POINT ( 'NONE',  ( -7.200000000000000178, -2.200000000000000178, 2.200000000000000178 ) ) ;
#1849 = VERTEX_POINT ( 'NONE', #24 ) ;
#1850 = UNCERTAINTY_MEASURE_WITH_UNIT (LENGTH_MEASURE( 1.000000000000000082E-05 ), #1785, 'distance_accuracy_value', 'NONE');
#1851 =( LENGTH_UNIT ( ) NAMED_UNIT ( * ) SI_UNIT ( .MILLI., .METRE. ) );
#1852 =( LENGTH_UNIT ( ) NAMED_UNIT ( * ) SI_UNIT ( .MILLI., .METRE. ) );
#1853 = FILL_AREA_STYLE_COLOUR ( '', #1189 ) ;
#1854 = CARTESIAN_POINT ( 'NONE',  ( -4.700000000000000178, -2.200000000000000178, -2.200000000000000178 ) ) ;
#1855 = FILL_AREA_STYLE ('',( #1141 ) ) ;
#1856 = PRESENTATION_LAYER_ASSIGNMENT (  '', '', ( #198 ) ) ;
#1857 = VECTOR ( 'NONE', #1717, 1000.000000000000000 ) ;
#1858 = CARTESIAN_POINT ( 'NONE',  ( 7.500000000000000000, 2.500000000000000000, -2.200000000000000178 ) ) ;
#1859 = SURFACE_STYLE_USAGE ( .BOTH. , #404 ) ;
#1860 = VECTOR ( 'NONE', #1824, 1000.000000000000000 ) ;
#1861 = SPHERICAL_SURFACE ( 'NONE', #1392, 0.2999999999999999889 ) ;
#1862 = PRESENTATION_LAYER_ASSIGNMENT (  '', '', ( #729 ) ) ;
#1863 = DIRECTION ( 'NONE',  ( -0.000000000000000000, -1.000000000000000000, -0.000000000000000000 ) ) ;
#1864 = CARTESIAN_POINT ( 'NONE',  ( -7.500000000000000000, 2.200000000000000178, -2.200000000000000178 ) ) ;
#1865 = EDGE_LOOP ( 'NONE', ( #906, #1634, #276, #658 ) ) ;
#1866 = PRESENTATION_LAYER_ASSIGNMENT (  '', '', ( #1620 ) ) ;
#1867 = ADVANCED_FACE ( 'NONE', ( #45 ), #448, .T. ) ;
#1868 = CARTESIAN_POINT ( 'NONE',  ( 4.700000000000000178, 2.200000000000000178, 2.300000000000000266 ) ) ;
#1869 = DIRECTION ( 'NONE',  ( 0.000000000000000000, 0.000000000000000000, -1.000000000000000000 ) ) ;
#1870 = ORIENTED_EDGE ( 'NONE', *, *, #766, .T. ) ;
#1871 = ORIENTED_EDGE ( 'NONE', *, *, #427, .T. ) ;
#1872 = CARTESIAN_POINT ( 'NONE',  ( 4.700000000000000178, -2.200000000000000178, 2.299999999999999822 ) ) ;
#1873 = PRESENTATION_STYLE_ASSIGNMENT (( #846 ) ) ;
#1874 = EDGE_CURVE ( 'NONE', #89, #1438, #1306, .T. ) ;
#1875 = AXIS2_PLACEMENT_3D ( 'NONE', #72, #1670, #1844 ) ;
#1876 = UNCERTAINTY_MEASURE_WITH_UNIT (LENGTH_MEASURE( 1.000000000000000082E-05 ), #878, 'distance_accuracy_value', 'NONE');
#1877 = EDGE_LOOP ( 'NONE', ( #1062, #1374, #1628, #27 ) ) ;
#1878 = COLOUR_RGB ( '',0.6666666666666666297, 0.6980392156862744724, 0.7686274509803920907 ) ;
#1879 = CARTESIAN_POINT ( 'NONE',  ( -4.700000000000000178, 2.299999999999999822, -2.200000000000000178 ) ) ;
ENDSEC;
END-ISO-10303-21;
